datetime,global_active_power,global_reactive_power,voltage,global_intensity,sub_metering_1,sub_metering_2,sub_metering_3,sub_metering_4
2006-12-17,2.3544862,0.15694861,240.08702,9.999028,2033.0,4187.0,13341.0,36946.668
2006-12-18,1.5304347,0.11235555,241.23169,6.4216666,1063.0,2621.0,14018.0,19028.434
2006-12-19,1.1570792,0.10482083,241.99931,4.9263887,839.0,7602.0,6197.0,13131.9
2006-12-20,1.5456583,0.111804165,242.30806,6.467361,0.0,2648.0,14063.0,20384.8
2006-12-21,1.1924388,0.10011528,241.04228,5.0281944,1765.0,2623.0,10421.0,13809.533
2006-12-22,1.6259291,0.12979583,241.18456,6.8729167,3151.0,350.0,11131.0,24390.3
2006-12-23,3.3148513,0.15379861,240.13608,14.028055,2669.0,425.0,14726.0,61736.434
2006-12-24,1.7708417,0.104097225,241.68744,7.6404166,1703.0,5082.0,6891.0,28824.2
2006-12-25,1.9049444,0.16686112,243.39993,7.9515276,6620.0,1962.0,5795.0,31341.666
2006-12-26,2.7320209,0.11465417,241.62544,11.347917,1086.0,2533.0,14979.0,46970.5
2006-12-27,1.0616388,0.1242375,243.76736,4.5175,0.0,314.0,6976.0,18189.334
2006-12-28,1.4393319,0.14505278,243.26833,6.08625,2207.0,4419.0,9176.0,18741.967
2006-12-29,2.204439,0.13638473,240.8713,9.271389,1252.0,5162.0,11329.0,35163.535
2006-12-30,1.9456514,0.21719167,240.53633,8.317083,3148.0,7929.0,12516.0,23102.633
2006-12-31,2.426525,0.10475834,239.89658,10.199583,0.0,347.0,6502.0,51387.6
2007-01-01,1.9090306,0.102893054,240.12898,7.9169445,0.0,352.0,5880.0,39584.734
2007-01-02,0.8814139,0.13218194,241.94377,3.714028,0.0,348.0,6562.0,14243.934
2007-01-03,0.70420414,0.13661666,243.55708,3.0140278,0.0,344.0,4765.0,11791.9
2007-01-04,2.2634807,0.1404875,239.7503,9.478194,1051.0,7597.0,10896.0,34779.535
2007-01-05,1.8842806,0.12024584,240.49576,7.885139,1483.0,379.0,7602.0,35758.734
2007-01-06,1.0474848,0.13346389,239.67305,4.543889,1336.0,402.0,5678.0,17723.633
2007-01-07,1.6997361,0.17088473,240.90248,7.282639,1987.0,8177.0,12810.0,17819.666
2007-01-08,1.5565,0.14414445,239.57695,6.5516667,0.0,467.0,17547.0,19342.0
2007-01-09,1.2979542,0.14392222,240.48752,5.521111,1688.0,4267.0,9790.0,15405.9
2007-01-10,1.4963889,0.15864722,241.02745,6.3577776,771.0,4456.0,11012.0,19674.334
2007-01-11,1.5661069,0.15973611,241.15569,6.6583333,1378.0,2170.0,12415.0,21623.566
2007-01-12,1.0147889,0.13829167,241.53821,4.3091664,0.0,439.0,8276.0,15639.934
2007-01-13,2.2130654,0.2019,239.28362,9.453055,7806.0,2975.0,11341.0,30991.566
2007-01-14,2.0909986,0.15793888,238.81801,8.971666,1777.0,4215.0,12991.0,31200.967
2007-01-15,1.4921376,0.12143055,241.2409,6.2615275,1099.0,2239.0,15163.0,17310.3
2007-01-16,1.1711138,0.12876944,241.94476,4.975972,2063.0,644.0,6583.0,18816.732
2007-01-17,1.9775611,0.1394111,241.00525,8.283889,3500.0,5737.0,16064.0,22160.467
2007-01-18,1.2649041,0.12341111,240.8936,5.3425,0.0,336.0,13491.0,16530.7
2007-01-19,1.0280833,0.118091665,240.16095,4.37625,2103.0,330.0,7172.0,15069.0
2007-01-20,2.1762028,0.16552916,238.86748,9.348056,4324.0,5222.0,11440.0,31242.867
2007-01-21,2.3661542,0.1595389,238.96812,10.190695,10346.0,5567.0,11599.0,29275.7
2007-01-22,1.5142319,0.1171125,241.60313,6.355278,1054.0,2983.0,11361.0,20943.566
2007-01-23,1.2344723,0.09602778,242.76256,5.2608333,0.0,1064.0,5061.0,23502.334
2007-01-24,2.0748987,0.12365278,241.45769,8.733611,3464.0,2480.0,11744.0,32109.566
2007-01-25,1.1085722,0.10011111,243.42436,4.6293054,1158.0,262.0,11239.0,13946.733
2007-01-26,1.1235917,0.0992375,242.77179,4.721389,1163.0,261.0,8238.0,17304.2
2007-01-27,1.4194944,0.102945834,241.61658,5.949861,1170.0,3896.0,12374.0,16627.867
2007-01-28,2.1474652,0.106670834,240.30212,9.133611,3466.0,3997.0,12062.0,32014.166
2007-01-29,1.37685,0.11506667,240.9296,5.788889,1123.0,294.0,15254.0,16373.4
2007-01-30,1.1859708,0.12564862,241.84088,5.0281944,1123.0,1424.0,8149.0,17767.3
2007-01-31,1.6414944,0.12915833,239.92113,6.923611,0.0,5950.0,15052.0,18393.867
2007-02-01,1.2671944,0.10435,240.39214,5.3325,1170.0,386.0,13145.0,15711.667
2007-02-02,1.15815,0.096904166,240.3344,4.8708334,0.0,356.0,11338.0,16101.6
2007-02-03,2.798418,0.17071112,238.9102,11.815972,4746.0,4573.0,17834.0,40009.035
2007-02-04,2.4971805,0.12950972,239.63333,10.565416,3391.0,4597.0,14472.0,37472.332
2007-02-05,1.1425556,0.102241665,240.81032,4.8204165,896.0,2564.0,7849.0,16112.333
2007-02-06,0.8843611,0.099004164,241.26416,3.7719445,1185.0,405.0,4517.0,15117.667
2007-02-07,1.6166792,0.12340833,241.14969,6.7916665,3299.0,3513.0,11986.0,20002.3
2007-02-08,1.2509819,0.09645556,241.7973,5.2483335,2226.0,366.0,10157.0,17274.566
2007-02-09,1.1251374,0.109768055,241.74045,4.7272224,0.0,3045.0,9770.0,14188.3
2007-02-10,1.9648111,0.13400972,240.03682,8.30375,5071.0,2831.0,14405.0,24848.467
2007-02-11,2.4800193,0.14188473,239.50615,10.526806,2430.0,4765.0,13114.0,39211.465
2007-02-12,1.3038958,0.09493333,240.0985,5.5034723,2227.0,399.0,11517.0,17150.5
2007-02-13,0.9823236,0.093526386,241.16685,4.14375,0.0,2828.0,6256.0,14491.767
2007-02-14,1.7351888,0.14062917,240.37538,7.315139,3295.0,3793.0,11579.0,22977.533
2007-02-15,1.3787125,0.11525278,240.66922,5.8202777,0.0,2363.0,14028.0,16698.1
2007-02-16,1.182311,0.1053375,240.82094,5.046528,1148.0,859.0,8689.0,17679.467
2007-02-17,1.4423,0.16595,239.31604,6.1291666,1765.0,2226.0,7157.0,23467.2
2007-02-18,2.6595569,0.17744583,239.1708,11.238889,6107.0,8003.0,13129.0,36590.367
2007-02-19,1.518482,0.12262778,239.78958,6.442222,1634.0,2900.0,13085.0,18824.566
2007-02-20,2.18745,0.12997083,239.86545,9.168472,2058.0,5191.0,9713.0,35536.8
2007-02-21,1.4394958,0.13185416,240.46097,6.0744443,3527.0,2332.0,11548.0,17140.9
2007-02-22,2.3441458,0.095884725,238.62021,9.874861,1409.0,4129.0,12285.0,38436.5
2007-02-23,0.9121389,0.10371111,240.68596,3.8254166,0.0,503.0,10786.0,10602.333
2007-02-24,0.4964736,0.0848625,239.8631,2.0858333,0.0,363.0,3562.0,7990.3667
2007-02-25,0.34843054,0.07898334,241.68155,1.4622222,0.0,329.0,1660.0,6373.3335
2007-02-26,0.39478055,0.07519445,241.27359,1.6588889,0.0,331.0,2830.0,6313.7334
2007-02-27,0.3598,0.07861389,242.94427,1.5245833,0.0,314.0,1924.0,6397.2
2007-02-28,0.36164862,0.07873055,242.15959,1.5284722,0.0,340.0,1973.0,6366.567
2007-03-01,0.35941944,0.07474167,241.3214,1.5088888,0.0,316.0,1980.0,6330.067
2007-03-02,0.35811666,0.074311115,240.5916,1.5068055,0.0,340.0,1969.0,6285.8
2007-03-03,0.5688347,0.09374444,241.28809,2.4011111,0.0,347.0,4597.0,8708.033
2007-03-04,1.451875,0.12200139,240.0298,6.1581945,1476.0,8711.0,9408.0,15250.0
2007-03-05,1.8474528,0.143025,240.03091,7.8402777,5727.0,12109.0,10026.0,16476.867
2007-03-06,0.865625,0.12926945,240.98807,3.6956944,0.0,1740.0,4700.0,14335.0
2007-03-07,1.6494486,0.11888889,240.32356,6.935,1076.0,4761.0,15513.0,18236.768
2007-03-08,1.0917584,0.13014166,240.66542,4.6651387,2180.0,3385.0,6655.0,13982.2
2007-03-09,0.8837583,0.082804166,240.88846,3.73125,1093.0,345.0,8631.0,11141.2
2007-03-10,1.7254944,0.16911666,239.80283,7.341944,4130.0,5422.0,10979.0,20880.867
2007-03-11,2.4171083,0.12039861,240.0073,10.121528,4810.0,3420.0,9500.0,40280.6
2007-03-12,1.3546306,0.093348615,240.55872,5.728472,1403.0,2841.0,12353.0,15914.134
2007-03-13,0.89593333,0.08799861,240.89796,3.8056943,1350.0,3859.0,5323.0,10970.4
2007-03-14,1.2453916,0.10939028,240.7773,5.2675,3485.0,480.0,8607.0,17317.4
2007-03-15,1.3088986,0.11064306,240.28049,5.5231943,0.0,3263.0,11036.0,17114.566
2007-03-16,1.1819819,0.09042222,239.52713,4.992361,1106.0,4604.0,5370.0,17287.566
2007-03-17,1.4083959,0.08824167,238.22466,5.946111,2208.0,359.0,12275.0,18959.5
2007-03-18,1.6465597,0.16767362,241.04782,7.0079165,6564.0,7369.0,5856.0,19728.434
2007-03-19,1.4948041,0.10053056,240.49709,6.2819443,1648.0,2686.0,14118.0,17423.3
2007-03-20,1.4487695,0.11449306,240.81564,6.15125,3745.0,2837.0,11255.0,16933.467
2007-03-21,1.4875638,0.0991875,240.98665,6.237222,1865.0,4133.0,12335.0,17368.533
2007-03-22,1.0104014,0.07904583,241.76353,4.2230554,353.0,736.0,10462.0,12698.634
2007-03-23,0.90903336,0.08297778,241.64548,3.80375,1127.0,777.0,8369.0,11543.8
2007-03-24,2.0614097,0.13265556,239.70447,8.703333,3707.0,5797.0,16382.0,23587.834
2007-03-25,2.317018,0.16395834,240.0348,9.716666,4630.0,3600.0,9358.0,38020.434
2007-03-26,0.9833903,0.11178195,241.3368,4.1830554,1088.0,344.0,9096.0,13073.366
2007-03-27,0.7674583,0.10536528,240.60197,3.2965279,0.0,3019.0,3697.0,11703.0
2007-03-28,1.6207625,0.13647084,240.44461,6.8545833,1122.0,8527.0,13888.0,15361.3
2007-03-29,1.1044486,0.13798334,240.53668,4.6768055,1162.0,460.0,10724.0,14160.767
2007-03-30,0.9738847,0.12578334,241.03923,4.1895833,1094.0,468.0,8217.0,13594.233
2007-03-31,2.4371598,0.16076666,239.26077,10.264722,2620.0,7707.0,17682.0,30482.834
2007-04-01,1.9346889,0.1406611,240.02449,8.149445,4629.0,5401.0,19509.0,16893.533
2007-04-02,1.3616514,0.12106667,240.46011,5.712639,1755.0,970.0,16641.0,13313.634
2007-04-03,1.1408472,0.117194444,240.50496,4.84625,3630.0,1042.0,7637.0,15071.333
2007-04-04,1.4249083,0.11966528,240.33179,5.98625,3434.0,420.0,14748.0,15595.8
2007-04-05,1.2806097,0.16981806,241.17311,5.4915276,1086.0,4277.0,10523.0,14848.634
2007-04-06,1.1119028,0.099454165,241.18445,4.688611,0.0,5466.0,9166.0,12053.667
2007-04-07,1.0791138,0.09634028,240.37859,4.5645833,1127.0,3111.0,5923.0,15737.733
2007-04-08,1.1172333,0.0943625,240.34918,4.719861,0.0,485.0,3545.0,22783.6
2007-04-09,0.6950833,0.1111875,240.55049,2.9745834,2667.0,514.0,3801.0,9700.0
2007-04-10,0.5398361,0.103430554,240.8137,2.347361,209.0,742.0,2572.0,9433.066
2007-04-11,0.61630696,0.13364306,241.15483,2.61875,0.0,1112.0,6421.0,7258.3667
2007-04-12,0.37340695,0.10264722,240.25606,1.5979167,0.0,541.0,1818.0,6602.7666
2007-04-13,0.38265416,0.10530555,240.05049,1.6433333,0.0,558.0,1988.0,6637.7
2007-04-14,0.38490835,0.1080625,240.31314,1.6513889,0.0,578.0,2008.0,6651.8
2007-04-15,0.50428057,0.11912778,240.2367,2.1865277,0.0,1026.0,2893.0,8183.7334
2007-04-16,0.66138196,0.12921806,240.65714,2.8725,952.0,1305.0,4656.0,8960.167
2007-04-17,0.84981525,0.15163472,240.19566,3.6908333,1532.0,389.0,6199.0,12275.566
2007-04-18,0.6932264,0.11473889,240.14677,2.9954166,1579.0,355.0,3430.0,11273.434
2007-04-19,0.7143458,0.103930555,240.42984,3.0558333,733.0,1605.0,5748.0,9058.3
2007-04-20,0.57123613,0.101143055,240.13289,2.4948611,1069.0,360.0,3499.0,8781.667
2007-04-21,1.1622611,0.14767917,239.21324,5.0356946,6575.0,463.0,11129.0,9727.267
2007-04-22,1.5511903,0.18555139,239.60889,6.6884723,4264.0,2287.0,11102.0,19575.566
2007-04-23,0.7323375,0.09419444,237.23564,3.2641666,1402.0,506.0,6005.0,9663.1
2007-04-24,0.71673614,0.09393334,235.34492,3.1448612,1125.0,527.0,6680.0,8869.667
2007-04-25,0.8778903,0.1144,234.94112,3.8580556,0.0,1469.0,8812.0,10788.366
2007-04-26,0.8857403,0.113615274,234.7873,3.92375,1324.0,1845.0,7163.0,10925.767
2007-04-27,0.7599528,0.11245,235.21617,3.3125,1772.0,545.0,4756.0,11165.866
2007-04-28,0.5006153,0.20695278,236.20714,2.2355556,0.0,18.0,0.0,11996.767
2007-04-29,0.492,0.208,236.24,2.2,0.0,0.0,0.0,11808.0
2007-04-30,0.5874375,0.17460416,235.69202,2.6156945,1214.0,500.0,1131.0,11253.5
2007-05-01,1.1554569,0.12611666,234.6787,5.0733333,4005.0,995.0,8546.0,14184.967
2007-05-02,0.69686526,0.111175,235.58208,3.141528,7.0,1490.0,3754.0,11473.767
2007-05-03,0.7571097,0.10482083,235.13489,3.307639,1906.0,1725.0,7836.0,6703.6333
2007-05-04,0.69314444,0.121347226,235.71019,3.0780556,2259.0,538.0,3990.0,9848.467
2007-05-05,1.0854528,0.12090417,235.03502,4.736111,2913.0,2493.0,11303.0,9341.866
2007-05-06,1.4597944,0.12662223,234.40965,6.4090276,3215.0,949.0,10095.0,20776.066
2007-05-07,1.1414334,0.11730417,234.53697,4.9809723,946.0,4935.0,9433.0,12080.4
2007-05-08,1.2425638,0.12611945,234.90623,5.356389,4581.0,2011.0,8777.0,14452.533
2007-05-09,1.1567612,0.12741944,234.87372,5.0561113,3018.0,5631.0,9474.0,9639.267
2007-05-10,0.49158612,0.11688472,235.79626,2.2068055,946.0,534.0,3261.0,7057.067
2007-05-11,0.67996806,0.09173334,235.22975,3.027639,926.0,491.0,6471.0,8431.233
2007-05-12,1.0010875,0.14525834,234.7229,4.3605556,2247.0,1075.0,10408.0,10296.1
2007-05-13,1.1352347,0.15324305,235.70871,4.9691668,3612.0,2414.0,8958.0,12261.634
2007-05-14,1.0192931,0.20732778,235.69006,4.574167,3176.0,2417.0,5517.0,13353.033
2007-05-15,0.62805,0.077209726,235.612,2.7333333,0.0,408.0,5318.0,9347.2
2007-05-16,1.1756556,0.094370835,235.26082,5.0718055,2213.0,5756.0,9077.0,11169.733
2007-05-17,0.8554278,0.09110278,235.86845,3.7209723,1014.0,2073.0,7687.0,9756.267
2007-05-18,1.1330069,0.11892917,235.9946,4.8766665,3270.0,3913.0,8116.0,11893.167
2007-05-19,0.99266803,0.11656806,234.94472,4.3193054,4683.0,530.0,7022.0,11589.033
2007-05-20,1.3668945,0.13023056,235.34811,5.941528,5420.0,1733.0,7611.0,18041.467
2007-05-21,0.7778208,0.08144444,234.69191,3.3386111,0.0,468.0,9060.0,9139.7
2007-05-22,0.78670275,0.089525,235.48058,3.399861,931.0,3966.0,3984.0,9999.866
2007-05-23,1.0173167,0.115193054,234.8125,4.3975,956.0,3792.0,8119.0,11548.6
2007-05-24,0.80165833,0.09413889,235.54607,3.4620833,955.0,4116.0,4746.0,9422.8
2007-05-25,1.1209861,0.12124167,234.4472,4.863472,8060.0,586.0,6539.0,11718.667
2007-05-26,1.0501722,0.121,235.06989,4.562778,2373.0,2754.0,8628.0,11449.134
2007-05-27,1.4957,0.15270416,234.90843,6.506528,4366.0,5534.0,10444.0,15552.8
2007-05-28,1.1371305,0.10493056,234.90657,4.9219446,4554.0,473.0,9586.0,12678.134
2007-05-29,0.73704165,0.07864167,235.69435,3.2072222,0.0,1907.0,4332.0,11450.0
2007-05-30,1.1179625,0.10212361,234.83139,4.828472,2250.0,5948.0,7804.0,10829.1
2007-05-31,0.65177083,0.08999028,235.09653,2.7918055,935.0,477.0,3552.0,10678.5
2007-06-01,0.7259542,0.09959722,235.32306,3.135,0.0,483.0,7664.0,9275.9
2007-06-02,1.0308069,0.11535278,234.46902,4.4740276,3971.0,1250.0,7633.0,11885.366
2007-06-03,1.4639069,0.12670694,234.76237,6.3529167,4985.0,7529.0,8334.0,14285.767
2007-06-04,0.6330681,0.15499444,234.74806,2.8222222,1585.0,836.0,4533.0,8239.634
2007-06-05,1.0131195,0.17756389,234.69276,4.465139,4484.0,1027.0,6448.0,12355.867
2007-06-06,1.1774806,0.1605125,234.62143,5.1109724,3330.0,829.0,11680.0,12420.533
2007-06-07,0.68402916,0.11967639,234.4788,2.982361,985.0,699.0,3959.0,10773.7
2007-06-08,1.4916986,0.15953611,236.19745,6.4481945,2799.0,11440.0,11380.0,10181.767
2007-06-09,0.75904167,0.16023333,240.72414,3.2668056,852.0,599.0,6590.0,10176.0
2007-06-10,0.93111944,0.16603611,240.84428,4.0056944,4202.0,1924.0,5983.0,10237.866
2007-06-11,0.55184305,0.1351625,240.85675,2.4179168,0.0,487.0,5328.0,7429.2334
2007-06-12,0.63803196,0.1502889,240.2249,2.858611,1882.0,475.0,3898.0,9057.767
2007-06-13,0.6439389,0.144625,240.3976,2.8175,957.0,857.0,5216.0,8424.533
2007-06-14,0.8743639,0.1609,239.84778,3.7833333,3322.0,2147.0,7054.0,8461.733
2007-06-15,0.687225,0.17483473,240.46439,3.06625,2269.0,4011.0,4547.0,5666.4
2007-06-16,1.4012237,0.21358195,239.5017,5.975,3289.0,4498.0,11108.0,14734.366
2007-06-17,1.3521458,0.1665375,240.21918,5.7693057,4124.0,5038.0,8734.0,14555.5
2007-06-18,0.4711625,0.1255625,240.7762,2.07875,0.0,529.0,4241.0,6537.9
2007-06-19,0.58694446,0.13067083,240.26665,2.5652778,973.0,537.0,4391.0,8185.6665
2007-06-20,0.74603194,0.15784861,240.15617,3.3068056,1761.0,2588.0,5106.0,8449.767
2007-06-21,0.56037915,0.15454583,240.57495,2.5008333,932.0,2400.0,3711.0,6406.1
2007-06-22,0.39325973,0.14480972,240.83563,1.8073611,0.0,951.0,3482.0,5005.2334
2007-06-23,0.33164304,0.1341111,240.31897,1.5356945,0.0,786.0,2402.0,4771.4336
2007-06-24,0.4962889,0.124556944,241.13222,2.207639,0.0,791.0,3449.0,7670.933
2007-06-25,0.74458474,0.13699305,240.42226,3.25,1985.0,3621.0,4816.0,7448.033
2007-06-26,0.6561861,0.12668055,240.09451,2.8770833,971.0,1334.0,5231.0,8212.467
2007-06-27,1.0283514,0.14374861,239.7584,4.429167,2603.0,6451.0,7270.0,8356.434
2007-06-28,0.89960974,0.15100417,239.42366,3.8895833,0.0,4368.0,9541.0,7681.6333
2007-06-29,0.9058625,0.14319028,240.17949,3.9405556,4363.0,667.0,6797.0,9913.7
2007-06-30,0.9273014,0.1308014,240.01161,3.9715278,3049.0,792.0,8376.0,10038.233
2007-07-01,0.71296114,0.11975556,240.06715,3.0806944,969.0,736.0,4690.0,10716.066
2007-07-02,0.67155,0.12286389,240.67181,2.9277778,1018.0,5281.0,3445.0,6373.2
2007-07-03,0.73605,0.12523472,240.18694,3.2306945,467.0,3214.0,4695.0,9289.2
2007-07-04,0.6968125,0.17592639,240.65964,3.0954168,2329.0,2218.0,5632.0,6544.5
2007-07-05,0.73422915,0.17133056,240.44444,3.2331944,2922.0,770.0,3973.0,9956.5
2007-07-06,0.742725,0.15232639,240.59946,3.2686112,2826.0,3563.0,4005.0,7431.4
2007-07-07,0.9431986,0.14864166,239.91014,4.034861,997.0,3047.0,10177.0,8415.767
2007-07-08,0.7563056,0.13675,240.3389,3.2893054,1825.0,2831.0,5277.0,8218.333
2007-07-09,0.81955415,0.1197375,240.61765,3.51625,923.0,594.0,9386.0,8766.3
2007-07-10,0.6307806,0.12239166,239.98306,2.786111,67.0,2227.0,4631.0,8213.733
2007-07-11,0.50163335,0.10684445,241.03003,2.1994445,1015.0,647.0,5284.0,5093.2
2007-07-12,0.74276525,0.14520694,240.76462,3.233611,1029.0,2550.0,6419.0,7828.3667
2007-07-13,0.55165416,0.1435375,240.85481,2.4508333,0.0,633.0,4427.0,8179.7
2007-07-14,0.8945625,0.17947917,241.29189,3.8940277,3775.0,1968.0,6604.0,9122.5
2007-07-15,0.7202639,0.2047014,240.565,3.230139,862.0,632.0,5585.0,10207.333
2007-07-16,0.59282917,0.16247222,236.50723,2.6605556,830.0,695.0,4176.0,8526.9
2007-07-17,0.49974445,0.12228333,234.74126,2.27625,848.0,694.0,3335.0,7116.8667
2007-07-18,0.5257514,0.10869028,231.08823,2.3868055,909.0,671.0,4628.0,6410.033
2007-07-19,0.47075418,0.12986945,234.26186,2.143889,1068.0,703.0,3130.0,6397.1
2007-07-20,0.7711264,0.15494305,235.56891,3.4516666,2111.0,2418.0,4765.0,9213.033
2007-07-21,0.73628336,0.1639986,234.25662,3.2915277,428.0,512.0,7756.0,8974.8
2007-07-22,0.95643055,0.1519139,235.96205,4.228472,7091.0,2136.0,5573.0,8154.3335
2007-07-23,0.688207,0.099840276,234.50087,3.0759723,1747.0,1288.0,3847.0,9634.967
2007-07-24,0.5731139,0.07834028,235.36304,2.5509722,0.0,1607.0,5599.0,6548.7334
2007-07-25,0.32816666,0.0751625,235.64105,1.4793056,0.0,151.0,2333.0,5392.0
2007-07-26,0.6420139,0.079925,234.94373,2.8381944,975.0,3633.0,4346.0,6454.3335
2007-07-27,0.8350792,0.08365,235.55368,3.6233335,1837.0,49.0,7157.0,10998.9
2007-07-28,1.1262931,0.12411805,235.50723,4.9416666,907.0,10265.0,6559.0,9300.033
2007-07-29,0.22299722,0.08234444,235.71204,1.0334722,0.0,0.0,1288.0,4063.9333
2007-07-30,0.32417777,0.089925,235.53023,1.4672222,0.0,0.0,2528.0,5252.2666
2007-07-31,0.56411946,0.10124028,234.91481,2.5025,3277.0,0.0,3575.0,6686.8667
2007-08-01,0.7392333,0.10080556,235.03107,3.2205555,1583.0,0.0,9812.0,6346.6
2007-08-02,0.70792776,0.1006625,234.85658,3.0870833,482.0,0.0,6869.0,9639.267
2007-08-03,0.73844725,0.087075,234.48561,3.2072222,958.0,0.0,9139.0,7625.7334
2007-08-04,0.7951319,0.096684724,235.25722,3.452361,552.0,398.0,7966.0,10167.167
2007-08-05,0.5465958,0.1050375,235.11526,2.4368055,169.0,0.0,6647.0,6302.3
2007-08-06,0.75675,0.10724583,234.70274,3.3170834,1096.0,0.0,7985.0,9081.0
2007-08-07,1.0302639,0.091098614,234.55388,4.4259725,437.0,2168.0,9042.0,13079.333
2007-08-08,0.78158474,0.08270556,234.51237,3.3805556,1055.0,1111.0,9660.0,6932.033
2007-08-09,0.7442222,0.07602361,234.21439,3.272361,182.0,4515.0,6646.0,6518.3335
2007-08-10,0.71389586,0.081705555,234.48882,3.129722,336.0,2651.0,8287.0,5859.5
2007-08-11,0.75809026,0.08039583,234.98018,3.2856944,1180.0,910.0,10339.0,5765.1665
2007-08-12,0.8624333,0.08873333,235.66486,3.7427778,1123.0,1156.0,8582.0,9837.4
2007-08-13,0.80070275,0.09093056,235.21657,3.44875,93.0,476.0,11101.0,7546.8667
2007-08-14,0.65360415,0.09167361,237.07639,2.8541667,951.0,685.0,6256.0,7794.5
2007-08-15,0.8276805,0.11094722,239.99341,3.5420833,338.0,508.0,9787.0,9231.333
2007-08-16,0.66562223,0.09134167,239.73766,2.843889,962.0,0.0,7476.0,7536.933
2007-08-17,0.7013139,0.08846389,240.49405,2.9815278,244.0,0.0,7769.0,8818.533
2007-08-18,0.24163888,0.08280556,241.27963,1.0788889,0.0,0.0,1830.0,3969.3333
2007-08-19,0.98770416,0.111123614,239.95367,4.2619443,1025.0,8912.0,5989.0,7778.9
2007-08-20,0.9297514,0.10825,241.30069,3.9633334,1032.0,6965.0,7383.0,6934.033
2007-08-21,0.44621944,0.109241664,240.57306,1.9611111,0.0,38.0,3296.0,7375.2666
2007-08-22,0.84014446,0.107144445,240.81732,3.57125,3048.0,1836.0,7241.0,8038.467
2007-08-23,0.7724389,0.10969028,240.64731,3.3302777,2502.0,259.0,5342.0,10435.533
2007-08-24,1.15035,0.18250833,240.4948,4.936111,1891.0,3784.0,9944.0,11989.4
2007-08-25,0.79922223,0.18926944,239.85983,3.55375,4149.0,2191.0,5678.0,7163.3335
2007-08-26,0.91312915,0.20790833,239.95091,4.012639,1541.0,3645.0,5658.0,11071.1
2007-08-27,0.8414792,0.20769723,239.92358,3.69125,2305.0,1229.0,6344.0,10317.5
2007-08-28,0.6923639,0.12577361,239.54988,2.9961112,1038.0,2468.0,5483.0,7627.7334
2007-08-29,0.51943886,0.12182361,240.745,2.2795832,957.0,562.0,4932.0,6015.533
2007-08-30,0.8350403,0.13267222,240.57318,3.6043055,3822.0,2580.0,4221.0,9417.967
2007-08-31,0.8887653,0.13003889,239.9857,3.7884722,1200.0,666.0,8738.0,10726.366
2007-09-01,1.1815875,0.20128195,239.35574,5.065417,2497.0,569.0,9733.0,15559.1
2007-09-02,1.1544917,0.16083194,240.04533,5.0172224,3613.0,1617.0,8806.0,13671.8
2007-09-03,0.72147363,0.13084862,239.62035,3.1306944,621.0,2515.0,5323.0,8856.366
2007-09-04,1.1006556,0.12474028,239.65967,4.7559724,2928.0,3501.0,9821.0,10165.733
2007-09-05,0.85873055,0.103377774,239.14816,3.697639,0.0,4144.0,6705.0,9760.533
2007-09-06,0.6260236,0.1194625,239.34004,2.7522223,0.0,3888.0,3461.0,7675.567
2007-09-07,0.9281222,0.12620695,239.03171,4.007222,3632.0,551.0,9388.0,8703.934
2007-09-08,1.0206611,0.12939583,239.73044,4.3919444,3339.0,1801.0,9164.0,10191.866
2007-09-09,1.1663208,0.14524445,238.92215,5.0540276,2184.0,4438.0,9233.0,12136.7
2007-09-10,0.77595556,0.1232625,239.38866,3.36375,935.0,595.0,5613.0,11479.934
2007-09-11,0.6830361,0.10539167,240.07199,2.9520833,943.0,550.0,5792.0,9107.866
2007-09-12,0.89428055,0.119301386,240.01506,3.86,0.0,3217.0,7755.0,10490.733
2007-09-13,0.7960986,0.11524861,239.30983,3.4644444,1175.0,2523.0,3853.0,11555.366
2007-09-14,0.7885208,0.12717083,239.3019,3.4447222,901.0,676.0,5804.0,11543.5
2007-09-15,0.76063335,0.1281014,240.00197,3.2781944,0.0,1449.0,6464.0,10342.2
2007-09-16,1.1473777,0.13357778,239.56047,4.96625,3118.0,3064.0,9310.0,12045.066
2007-09-17,1.0147125,0.14049584,239.2148,4.413472,6651.0,926.0,6279.0,10497.1
2007-09-18,0.8107778,0.102175,238.26068,3.5127778,1888.0,2029.0,5425.0,10116.667
2007-09-19,0.9018639,0.1054125,240.3052,3.8833334,0.0,2743.0,7937.0,10964.733
2007-09-20,0.8718972,0.09229722,239.71498,3.7209723,1056.0,489.0,9996.0,9384.533
2007-09-21,0.8602639,0.10613472,239.38147,3.7326388,3130.0,2745.0,6316.0,8455.333
2007-09-22,0.8167861,0.12738334,239.48303,3.5151389,944.0,1311.0,7688.0,9659.866
2007-09-23,0.9847014,0.16873194,239.50043,4.28,2831.0,1929.0,7382.0,11490.833
2007-09-24,0.9406458,0.13723889,238.6006,4.07875,929.0,3935.0,7955.0,9756.5
2007-09-25,1.2252375,0.09033194,238.09961,5.206389,916.0,2253.0,9820.0,16416.7
2007-09-26,1.2705083,0.117519446,239.41978,5.390972,1058.0,9417.0,5695.0,14322.2
2007-09-27,0.96708333,0.10465972,239.56706,4.077778,1066.0,643.0,7324.0,14177.0
2007-09-28,1.1670125,0.15466528,239.46243,4.994167,996.0,3722.0,9952.0,13338.3
2007-09-29,1.5948069,0.1264736,239.1401,6.7931943,4085.0,7457.0,8190.0,18543.367
2007-09-30,1.0529791,0.11360278,240.06479,4.4525,1405.0,582.0,10225.0,13059.5
2007-10-01,1.1950847,0.10189861,239.23991,5.07375,1507.0,6622.0,5960.0,14593.033
2007-10-02,1.5269889,0.11238056,238.49379,6.4740276,508.0,8022.0,12815.0,15302.733
2007-10-03,0.88920414,0.109540276,239.26106,3.8,979.0,5024.0,3692.0,11645.9
2007-10-04,1.0544847,0.096144445,239.20508,4.454583,2400.0,444.0,9710.0,12753.634
2007-10-05,0.96811944,0.104608335,238.82712,4.089722,0.0,351.0,9425.0,13458.866
2007-10-06,1.2196112,0.1293,238.38072,5.167639,4840.0,347.0,9666.0,14417.667
2007-10-07,1.4625791,0.10637361,238.82628,6.2079167,2498.0,8255.0,10886.0,13462.9
2007-10-08,0.7605847,0.08465,239.09654,3.231111,0.0,420.0,5082.0,12752.033
2007-10-09,1.1721237,0.11097361,238.87915,4.9823613,2034.0,2147.0,9290.0,14659.967
2007-10-10,0.8103972,0.09218889,239.42116,3.488611,1863.0,2117.0,3345.0,12124.533
2007-10-11,1.2030874,0.106325,238.44415,5.109028,2630.0,414.0,7806.0,18024.1
2007-10-12,1.3295166,0.09582222,238.48131,5.6670833,1020.0,5028.0,11659.0,14201.4
2007-10-13,1.3380055,0.086947225,238.76541,5.7006946,969.0,3799.0,8463.0,18881.133
2007-10-14,1.431425,0.10420139,239.10103,6.07875,2930.0,7494.0,7126.0,16804.2
2007-10-15,0.87939584,0.082070835,239.29271,3.7219443,1061.0,339.0,7654.0,12051.5
2007-10-16,1.3641958,0.12875973,238.86263,5.8231945,0.0,7871.0,9876.0,14993.7
2007-10-17,1.0950903,0.09472222,239.19214,4.6369443,1065.0,453.0,8968.0,15796.167
2007-10-18,1.0545347,0.08506945,239.80028,4.43375,1162.0,317.0,9864.0,13965.833
2007-10-19,1.4483666,0.08435972,239.65218,6.103194,1299.0,3124.0,11648.0,18689.8
2007-10-20,1.1529486,0.09690556,241.82481,4.814722,2363.0,296.0,13225.0,11786.767
2007-10-21,1.3485694,0.10696389,241.49074,5.701667,3712.0,4357.0,7313.0,16983.666
2007-10-22,1.1478444,0.080840275,240.54541,4.8058333,0.0,299.0,13027.0,14222.267
2007-10-23,1.3600028,0.089097224,241.2323,5.715,1067.0,5186.0,10680.0,15707.066
2007-10-24,1.2955805,0.101931944,240.80827,5.4731946,4459.0,364.0,9115.0,17155.934
2007-10-25,1.287443,0.091805555,240.47263,5.413611,1478.0,2433.0,7385.0,19602.633
2007-10-26,0.9983111,0.07616389,240.68085,4.3658333,0.0,348.0,5766.0,17845.467
2007-10-27,1.2400612,0.07582361,240.2012,5.3091664,1374.0,4856.0,8949.0,14582.467
2007-10-28,0.35566527,0.06409583,240.86606,1.4852778,0.0,283.0,1765.0,6487.967
2007-10-29,0.37876946,0.06041528,241.1933,1.5744444,0.0,269.0,2749.0,6072.467
2007-10-30,0.5632,0.06238889,240.62593,2.351389,0.0,1935.0,4256.0,7325.8
2007-10-31,0.89111805,0.07444444,240.33897,3.742361,0.0,4700.0,8915.0,7771.8335
2007-11-01,0.34459445,0.05905972,240.9384,1.4359722,0.0,293.0,1991.0,5986.2666
2007-11-02,1.0025014,0.06483472,239.34898,4.202639,1346.0,2115.0,12245.0,8354.033
2007-11-03,0.34204862,0.06119722,240.1905,1.4343055,0.0,282.0,1936.0,5991.1665
2007-11-04,1.0317264,0.09639028,240.20552,4.384028,0.0,4387.0,7068.0,13306.434
2007-11-05,1.0420778,0.091215275,239.65912,4.39625,1265.0,397.0,6583.0,16764.867
2007-11-06,1.4460958,0.13925417,238.70197,6.149861,1105.0,5515.0,10690.0,17396.3
2007-11-07,1.2810819,0.1343889,239.56491,5.481111,5042.0,301.0,6374.0,19028.967
2007-11-08,1.0424027,0.09354028,240.75264,4.435,1715.0,314.0,6500.0,16488.666
2007-11-09,1.5077958,0.078640275,238.71544,6.3672223,0.0,4573.0,15375.0,16239.1
2007-11-10,1.8136111,0.16503611,239.11041,7.7069445,3697.0,304.0,13767.0,25758.666
2007-11-11,1.3105028,0.12889583,240.26027,5.5405555,3445.0,320.0,6024.0,21663.066
2007-11-12,1.4973236,0.09546389,239.82559,6.2719445,1018.0,4165.0,13281.0,17471.768
2007-11-13,1.5377764,0.097883336,241.12299,6.453472,978.0,4933.0,11076.0,19919.633
2007-11-14,1.4222181,0.09832639,239.94603,5.9406943,1055.0,295.0,16345.0,16438.232
2007-11-15,1.0361028,0.09240694,239.98499,4.396389,1606.0,571.0,7503.0,15186.467
2007-11-16,1.6039958,0.08609583,240.98352,6.7180557,1991.0,4660.0,13564.0,18280.9
2007-11-17,1.8125653,0.1166875,240.60342,7.598889,2588.0,2199.0,14990.0,23724.566
2007-11-18,1.5165681,0.11233472,242.26045,6.347639,5201.0,2097.0,7066.0,22033.633
2007-11-19,1.1969819,0.07779861,242.76636,5.00625,1089.0,253.0,10750.0,16635.566
2007-11-20,1.4554555,0.08668889,241.33882,6.0904164,1015.0,3954.0,11026.0,18935.934
2007-11-21,1.2188972,0.091397226,241.49512,5.121111,1141.0,549.0,9473.0,18090.533
2007-11-22,1.3419292,0.09938055,241.56505,5.65625,2867.0,297.0,9001.0,20041.3
2007-11-23,1.7518181,0.09646667,240.72237,7.3406944,2168.0,6181.0,13685.0,20009.633
2007-11-24,1.3187875,0.10452222,241.80275,5.512639,1573.0,4131.0,13451.0,12495.9
2007-11-25,0.96916527,0.085261114,242.66116,4.0866666,3556.0,279.0,5678.0,13746.967
2007-11-26,1.0900805,0.081284724,241.11649,4.601389,1088.0,288.0,8926.0,15859.934
2007-11-27,1.9451473,0.09721806,241.32109,8.15625,1063.0,11020.0,15111.0,19489.533
2007-11-28,1.1423194,0.08016805,242.8948,4.7755556,1182.0,769.0,7810.0,17654.666
2007-11-29,1.1940639,0.0824375,242.73235,5.0156946,2031.0,283.0,8818.0,17525.533
2007-11-30,1.6192555,0.10227778,243.48775,6.757222,0.0,7941.0,13601.0,17320.133
2007-12-01,2.177043,0.20061944,240.26608,9.191527,9356.0,353.0,17847.0,24693.033
2007-12-02,2.045964,0.22575139,240.73001,8.618611,2090.0,6915.0,10636.0,29462.133
2007-12-03,1.2236527,0.091606945,241.07959,5.1655555,1141.0,299.0,10428.0,17499.666
2007-12-04,1.4358584,0.10070556,241.53598,6.045139,1012.0,5828.0,8561.0,19059.6
2007-12-05,1.4952222,0.1238875,241.22787,6.3481946,3422.0,295.0,10919.0,21249.334
2007-12-06,1.727732,0.112455554,239.7101,7.337917,4751.0,318.0,11908.0,24488.566
2007-12-07,1.2284833,0.102527775,240.67105,5.1579165,459.0,3710.0,10263.0,15051.6
2007-12-08,1.5370861,0.10718056,239.55994,6.5080557,1133.0,2354.0,12283.0,21120.066
2007-12-09,1.5795722,0.13953888,239.91507,6.7015276,4176.0,2428.0,8728.0,22577.732
2007-12-10,1.221357,0.08681389,241.90384,5.1745834,1102.0,278.0,8281.0,19651.566
2007-12-11,1.6007667,0.092845835,241.46024,6.712222,1050.0,3817.0,12740.0,20811.4
2007-12-12,1.1028209,0.081170835,242.47633,4.591111,1152.0,254.0,7759.0,17302.7
2007-12-13,1.283157,0.07742361,241.82735,5.4195833,1103.0,1448.0,8911.0,19333.768
2007-12-14,1.3713944,0.1246875,241.98592,5.7577777,980.0,3849.0,12941.0,15143.467
2007-12-15,1.9006083,0.1094625,241.28064,7.98,1706.0,3687.0,14313.0,25908.6
2007-12-16,1.9182069,0.08815139,242.68498,7.9922223,3410.0,2281.0,12929.0,27416.967
2007-12-17,1.2489041,0.073051386,242.62573,5.189722,1636.0,243.0,10567.0,17527.7
2007-12-18,1.8216625,0.10005555,242.93999,7.602083,1123.0,5810.0,11093.0,25693.9
2007-12-19,1.5250361,0.07592778,242.7011,6.3344445,1233.0,2658.0,11679.0,21030.867
2007-12-20,1.3539987,0.08294028,243.16794,5.613333,1859.0,276.0,13592.0,16768.967
2007-12-21,1.3767889,0.0739375,242.88164,5.71375,1191.0,200.0,12251.0,19400.934
2007-12-22,1.8133777,0.09813472,242.14554,7.593472,3819.0,4550.0,12673.0,22479.066
2007-12-23,1.67295,0.12241111,242.55794,6.9827776,1971.0,3091.0,11962.0,23126.8
2007-12-24,1.56795,0.10399584,242.65042,6.549722,2985.0,2316.0,14350.0,17979.8
2007-12-25,1.8715055,0.105425,242.98087,7.790972,4588.0,3368.0,9084.0,27876.133
2007-12-26,1.791861,0.09744028,242.3924,7.426111,1109.0,2773.0,9480.0,29642.666
2007-12-27,1.7584708,0.13234861,242.11162,7.3958335,4122.0,1490.0,7960.0,28631.3
2007-12-28,2.1618416,0.14361112,242.28448,9.030556,1980.0,8554.0,15823.0,25527.2
2007-12-29,2.2909417,0.13881388,240.55066,9.56,4836.0,2434.0,14906.0,32806.6
2007-12-30,1.777025,0.12391389,242.09917,7.4656944,3595.0,3597.0,13485.0,21971.6
2007-12-31,1.5392653,0.101066664,241.09479,6.455,0.0,3457.0,14071.0,19414.367
2008-01-01,1.9164847,0.09896389,241.03667,7.978611,2461.0,2739.0,12355.0,28440.633
2008-01-02,1.1417403,0.07754584,242.41745,4.7704167,0.0,3094.0,8987.0,15320.767
2008-01-03,1.0486861,0.08415417,243.07745,4.4016666,1130.0,846.0,6671.0,16521.467
2008-01-04,1.5915639,0.094934724,241.27338,6.715139,1241.0,5326.0,11752.0,19878.533
2008-01-05,1.5161444,0.08990555,238.82294,6.4468055,2113.0,286.0,14591.0,19397.467
2008-01-06,1.2674888,0.081220835,239.40729,5.390139,1966.0,2445.0,7824.0,18184.732
2008-01-07,1.1776487,0.080675,240.74394,4.915278,1288.0,282.0,10294.0,16399.566
2008-01-08,1.419132,0.08850833,240.82181,5.9900002,2197.0,3511.0,9793.0,18558.166
2008-01-09,1.2419722,0.08703889,241.25864,5.2319446,1162.0,284.0,8963.0,19398.334
2008-01-10,1.3153305,0.083683334,240.80714,5.5945835,1307.0,285.0,9992.0,19983.934
2008-01-11,1.1845958,0.066308334,240.41005,4.9634724,1261.0,290.0,7997.0,18882.3
2008-01-12,1.9940333,0.11300278,239.96017,8.523889,5594.0,2621.0,11116.0,28525.8
2008-01-13,2.0042431,0.10054583,239.74702,8.456805,6505.0,341.0,9379.0,31876.834
2008-01-14,1.4062028,0.08340972,240.29901,6.014583,5918.0,339.0,9738.0,17753.867
2008-01-15,1.8659111,0.07857222,240.70949,7.89125,782.0,6883.0,14512.0,22604.867
2008-01-16,1.4832306,0.08953472,240.42215,6.3195834,1162.0,3430.0,9391.0,21614.533
2008-01-17,1.0918626,0.081054166,241.62799,4.645,1007.0,350.0,8657.0,16190.7
2008-01-18,1.5187416,0.08284028,239.93294,6.4322224,1034.0,846.0,14983.0,19586.8
2008-01-19,1.3752126,0.0937375,239.60593,5.828889,2521.0,6054.0,8015.0,16415.1
2008-01-20,1.2085888,0.09625972,239.94453,5.148889,1775.0,380.0,4940.0,21911.133
2008-01-21,1.2909708,0.085,239.56474,5.5190277,0.0,376.0,10447.0,20160.3
2008-01-22,1.6145959,0.09962639,240.09477,6.92875,4670.0,7640.0,7552.0,18888.3
2008-01-23,1.3071584,0.07498889,240.90704,5.520278,1116.0,387.0,13359.0,16509.8
2008-01-24,1.1423764,0.07243472,240.77924,4.8879166,1107.0,320.0,5935.0,20055.033
2008-01-25,1.5554556,0.08307361,240.70544,6.544028,0.0,2421.0,11409.0,23500.934
2008-01-26,1.9687417,0.11695972,239.76021,8.366667,4925.0,311.0,15606.0,26407.8
2008-01-27,1.6540042,0.097748615,241.30368,6.984861,3725.0,3818.0,7367.0,24786.1
2008-01-28,1.6029139,0.07488611,240.46678,6.769583,1142.0,280.0,12792.0,24255.934
2008-01-29,1.85835,0.081372224,240.62311,7.842222,1487.0,6199.0,11077.0,25837.4
2008-01-30,1.1393375,0.080881946,241.61465,4.826389,0.0,261.0,7261.0,19822.1
2008-01-31,1.3568903,0.09553889,241.88576,5.7933335,1165.0,267.0,9437.0,21696.367
2008-02-01,1.0657306,0.12447917,240.36028,4.5176387,336.0,280.0,7241.0,17720.533
2008-02-02,2.0419707,0.1607125,240.28917,8.65625,6286.0,2764.0,15206.0,24751.3
2008-02-03,1.4476167,0.10674167,240.34073,6.1356945,2319.0,4435.0,8452.0,19536.8
2008-02-04,1.1306514,0.072245836,240.2552,4.777222,1161.0,252.0,9531.0,16191.634
2008-02-05,1.7169833,0.106101386,240.97691,7.2105556,1098.0,7803.0,13717.0,18589.6
2008-02-06,1.1594027,0.07934722,238.41371,4.933611,2114.0,356.0,8428.0,16927.666
2008-02-07,1.054382,0.07549028,241.07054,4.4393053,0.0,295.0,8089.0,16921.166
2008-02-08,1.3545583,0.082704164,240.43312,5.7472224,940.0,1921.0,9563.0,20085.4
2008-02-09,1.4599138,0.10036667,241.76451,6.09,2050.0,2838.0,10293.0,19856.934
2008-02-10,1.5171624,0.10537222,241.2752,6.396806,2562.0,2955.0,10128.0,20766.9
2008-02-11,1.1750112,0.07100417,241.6922,4.9318056,1018.0,297.0,8930.0,17955.268
2008-02-12,1.3804153,0.09093472,239.50916,5.8470836,2009.0,1856.0,12138.0,17126.967
2008-02-13,1.3197902,0.08922084,241.2031,5.5801387,2530.0,3615.0,7568.0,17961.967
2008-02-14,1.1143209,0.078920834,240.76482,4.68375,1300.0,291.0,9299.0,15853.7
2008-02-15,1.3925055,0.07496667,241.89061,5.78125,1109.0,1723.0,13417.0,17171.133
2008-02-16,1.629825,0.09652361,241.08755,6.893889,1076.0,2360.0,11599.0,24080.8
2008-02-17,1.3426167,0.08338611,242.46983,5.654444,3182.0,2257.0,6049.0,20734.8
2008-02-18,1.0516695,0.07081389,242.06393,4.37625,0.0,251.0,10345.0,14644.066
2008-02-19,1.477025,0.09553333,241.01013,6.2197223,1881.0,4711.0,11200.0,17656.6
2008-02-20,1.5651319,0.13213055,241.6697,6.608333,3655.0,5516.0,7704.0,20688.166
2008-02-21,1.134618,0.07796805,240.75038,4.788472,0.0,307.0,8523.0,18400.834
2008-02-22,1.2031695,0.08450556,241.43576,5.055278,1167.0,1985.0,10101.0,15623.066
2008-02-23,1.2753291,0.09201667,239.66866,5.41125,1684.0,2250.0,10074.0,16599.9
2008-02-24,0.8770889,0.07453611,240.37779,3.6388888,754.0,332.0,11447.0,8517.134
2008-02-25,0.35033888,0.06369445,239.776,1.4555556,0.0,321.0,1856.0,6231.1333
2008-02-26,0.35216665,0.058743056,239.53333,1.4590278,0.0,295.0,2013.0,6144.0
2008-02-27,0.39355555,0.059838887,239.55402,1.6341667,0.0,326.0,2969.0,6150.3335
2008-02-28,0.3536,0.05781111,239.80428,1.4669445,0.0,281.0,2028.0,6177.4
2008-02-29,0.9259361,0.061769444,238.0385,3.872639,0.0,3773.0,8062.0,10387.467
2008-03-01,0.79296947,0.07302639,239.43152,3.277639,0.0,1287.0,2724.0,15020.267
2008-03-02,0.80710137,0.10049306,239.74625,3.425,0.0,5244.0,2565.0,11561.434
2008-03-03,0.72260416,0.07939861,240.35199,2.9775,0.0,2207.0,1755.0,13380.5
2008-03-04,1.1590208,0.07566528,241.02641,4.867639,1249.0,2443.0,9415.0,14709.5
2008-03-05,1.4147278,0.09784583,241.06525,5.9708333,1145.0,9797.0,5529.0,17482.467
2008-03-06,1.738339,0.07373889,240.42923,7.2145834,1082.0,372.0,6965.0,33301.133
2008-03-07,1.2937194,0.08985556,240.81607,5.4416666,1235.0,3471.0,9033.0,17310.268
2008-03-08,1.5615695,0.16463889,241.59096,6.588333,6286.0,346.0,8435.0,22410.666
2008-03-09,1.0836514,0.09414861,240.74638,4.591111,2607.0,333.0,4155.0,18912.633
2008-03-10,1.1240875,0.08828056,241.72734,4.7125,2009.0,368.0,8660.0,15941.1
2008-03-11,1.527807,0.10493056,240.42415,6.466944,1271.0,3901.0,12936.0,18559.367
2008-03-12,1.2321056,0.09596805,241.0572,5.172222,1120.0,2374.0,11042.0,15034.533
2008-03-13,1.1635514,0.08921806,240.80263,4.9416666,3263.0,3590.0,5464.0,15608.233
2008-03-14,1.534875,0.11093611,240.62737,6.44625,980.0,3881.0,14476.0,17500.0
2008-03-15,1.0946528,0.10723056,240.198,4.6506944,2550.0,502.0,5910.0,17309.666
2008-03-16,1.2513611,0.12059167,241.29466,5.298333,2394.0,566.0,11286.0,15786.667
2008-03-17,1.1853597,0.12171806,240.80522,5.0069447,236.0,6651.0,9346.0,12215.634
2008-03-18,1.3316431,0.10238889,241.92899,5.571944,1156.0,4019.0,12544.0,14240.434
2008-03-19,0.90864444,0.09895694,242.40222,3.8255556,2110.0,411.0,6154.0,13132.467
2008-03-20,0.87032914,0.08392639,241.76259,3.6595833,1107.0,478.0,6670.0,12632.9
2008-03-21,1.4350291,0.15543333,241.3699,6.0381947,2171.0,4778.0,13275.0,14216.7
2008-03-22,1.4260528,0.12894444,241.61215,6.020278,3322.0,588.0,12405.0,17910.268
2008-03-23,1.6152709,0.10586528,242.65262,6.7905555,6279.0,2112.0,13878.0,16497.5
2008-03-24,1.3724111,0.0910625,242.70576,5.758611,1131.0,5989.0,7026.0,18791.867
2008-03-25,1.3999,0.08877222,242.13821,5.8705554,2246.0,3677.0,13494.0,14180.6
2008-03-26,1.1343555,0.09277639,242.8098,4.7630553,2547.0,3831.0,7547.0,13299.533
2008-03-27,0.9519597,0.080861114,242.09554,3.9608333,0.0,356.0,9022.0,13469.033
2008-03-28,1.3093222,0.095583335,242.32333,5.4790277,2325.0,3605.0,11581.0,13912.733
2008-03-29,1.7160764,0.121575,241.25356,7.209306,5153.0,375.0,17240.0,18417.834
2008-03-30,1.49055,0.12220139,241.16376,6.2775,5045.0,1315.0,9769.0,19644.2
2008-03-31,0.95664585,0.090875,242.72704,4.0059724,1091.0,411.0,9387.0,12070.5
2008-04-01,1.4785084,0.11833055,241.6158,6.2025,1079.0,6657.0,14515.0,13233.2
2008-04-02,1.1747723,0.09898611,238.66716,5.007639,1106.0,3674.0,7989.0,15425.533
2008-04-03,0.78385836,0.084191665,240.69424,3.2808332,0.0,422.0,6901.0,11489.6
2008-04-04,1.1332763,0.08701806,241.33105,4.726389,2133.0,775.0,13246.0,11044.634
2008-04-05,1.3685848,0.14144722,240.55803,5.784861,2929.0,874.0,13644.0,15399.033
2008-04-06,1.1779987,0.10456389,241.1496,4.9463887,1124.0,2615.0,7552.0,16980.967
2008-04-07,1.0686375,0.09811111,243.22833,4.4841666,2420.0,672.0,9466.0,13089.3
2008-04-08,1.8454973,0.1279,242.06659,7.6994443,2752.0,10713.0,17519.0,13307.934
2008-04-09,0.846425,0.092266664,242.3177,3.5229168,0.0,376.0,9003.0,10935.2
2008-04-10,1.0262125,0.11366667,241.94905,4.3054166,3261.0,457.0,6527.0,14384.1
2008-04-11,1.3039334,0.09992361,240.75838,5.452639,1802.0,491.0,14522.0,14479.4
2008-04-12,1.9444542,0.2724111,241.06317,8.218194,7076.0,2499.0,15225.0,21866.9
2008-04-13,1.5506847,0.14827362,240.42332,6.5518055,2554.0,5942.0,13007.0,15713.434
2008-04-14,1.1038764,0.10760972,242.31406,4.6043057,0.0,425.0,11197.0,14871.033
2008-04-15,1.1600041,0.124154165,241.23874,4.9095836,1174.0,3998.0,9874.0,12794.1
2008-04-16,1.0340723,0.08743333,241.74438,4.316111,838.0,403.0,11322.0,12254.733
2008-04-17,0.9693486,0.101304166,241.4036,4.1043057,1719.0,417.0,8638.0,12490.366
2008-04-18,1.2933264,0.12822638,240.64157,5.4576387,2174.0,3832.0,10921.0,14112.833
2008-04-19,1.5650764,0.17033611,241.14317,6.6361113,4319.0,2457.0,14722.0,16063.833
2008-04-20,1.2440403,0.15823194,241.43288,5.2605557,1030.0,4544.0,10401.0,13881.967
2008-04-21,0.80844164,0.121805556,241.9925,3.4041667,0.0,2673.0,6788.0,9941.6
2008-04-22,1.1303306,0.13413194,240.95972,4.7725,971.0,5093.0,10603.0,10460.934
2008-04-23,0.94258887,0.1315986,241.51134,3.9675,1380.0,492.0,8406.0,12344.134
2008-04-24,0.72484165,0.119391665,240.60533,3.0580556,1263.0,522.0,5296.0,10315.2
2008-04-25,0.88037086,0.11265556,241.00716,3.7,824.0,2004.0,9400.0,8900.9
2008-04-26,0.62719864,0.11715,240.79256,2.6340277,0.0,634.0,3586.0,10832.767
2008-04-27,0.70016664,0.13758194,240.90729,2.96375,693.0,588.0,5488.0,10035.0
2008-04-28,0.457675,0.11605417,240.97845,1.9506944,0.0,621.0,2786.0,7577.2
2008-04-29,1.3698722,0.14955278,240.70691,5.7706943,1402.0,5411.0,10481.0,15582.934
2008-04-30,0.7650875,0.11913611,241.43364,3.218611,1057.0,590.0,6653.0,10062.1
2008-05-01,0.40000972,0.10465,241.44626,1.7023611,0.0,530.0,2586.0,6484.2334
2008-05-02,1.0401167,0.14275555,241.64894,4.3777776,3114.0,584.0,8687.0,12577.8
2008-05-03,0.89555556,0.14028056,240.8337,3.8009722,996.0,541.0,6535.0,13421.333
2008-05-04,1.0215069,0.14543195,241.38048,4.3625,2196.0,2872.0,5464.0,13984.167
2008-05-05,0.9492583,0.12899305,240.73685,3.9977777,1008.0,378.0,10197.0,11199.2
2008-05-06,1.2430416,0.13860834,240.29031,5.245972,1354.0,5410.0,12200.0,10869.0
2008-05-07,0.81685,0.13260834,241.08127,3.4575,1030.0,423.0,6649.0,11502.4
2008-05-08,1.4699292,0.17586389,239.85129,6.178472,3667.0,702.0,12717.0,18192.3
2008-05-09,1.2133833,0.15963472,240.47122,5.1361113,2229.0,423.0,11904.0,14565.2
2008-05-10,1.3257834,0.20125972,240.08623,5.636389,6950.0,612.0,11714.0,12542.8
2008-05-11,1.1186944,0.19145972,240.4856,4.804167,563.0,1340.0,6930.0,18015.666
2008-05-12,1.058475,0.159125,241.04163,4.5194445,2082.0,1085.0,11959.0,10277.4
2008-05-13,1.0256208,0.1642139,240.37407,4.3918056,823.0,4089.0,8370.0,11332.9
2008-05-14,1.1001819,0.19262083,240.70851,4.713333,2467.0,3436.0,9716.0,10785.366
2008-05-15,0.8074778,0.1650861,240.3504,3.5220833,868.0,570.0,6820.0,11121.467
2008-05-16,1.1466153,0.16347083,239.61566,4.9245834,2228.0,2569.0,8957.0,13764.767
2008-05-17,1.1510097,0.19159445,239.47285,4.9515276,2158.0,935.0,12472.0,12059.233
2008-05-18,1.2527486,0.17673056,239.6827,5.4094443,1775.0,5355.0,8626.0,14309.967
2008-05-19,0.7154597,0.122038886,240.43187,3.0694444,1014.0,558.0,7503.0,8096.033
2008-05-20,1.0981486,0.12783472,241.0196,4.6822224,1352.0,2431.0,11977.0,10595.566
2008-05-21,0.9195222,0.13217084,240.76051,3.9166667,1989.0,474.0,9251.0,10354.533
2008-05-22,0.67838055,0.117927775,239.5002,2.9559722,996.0,440.0,6475.0,8370.134
2008-05-23,1.0311917,0.12427639,239.49886,4.358611,0.0,1390.0,14734.0,8624.6
2008-05-24,1.0973444,0.19829862,240.7249,4.669028,1027.0,569.0,12833.0,11907.267
2008-05-25,1.4225723,0.20167778,239.94565,6.136528,4307.0,8811.0,6016.0,15007.733
2008-05-26,0.89563197,0.1532625,240.3637,3.9297223,985.0,666.0,9284.0,10560.167
2008-05-27,1.1865972,0.1440736,239.39087,5.1073613,0.0,5352.0,11478.0,11648.333
2008-05-28,0.77386945,0.16364166,241.3227,3.3505557,3138.0,512.0,6709.0,8213.866
2008-05-29,0.7882472,0.12974444,237.67516,3.4756944,1004.0,507.0,8703.0,8703.934
2008-05-30,0.97030836,0.12654027,240.5537,4.2029166,0.0,3019.0,11298.0,8970.4
2008-05-31,1.1399097,0.17355834,240.6542,4.9230556,1764.0,2328.0,11858.0,11407.833
2008-06-01,1.2839416,0.15648611,240.62318,5.4231944,1906.0,545.0,11307.0,17056.6
2008-06-02,0.7458417,0.11469305,236.36987,3.2180555,960.0,558.0,6341.0,10041.2
2008-06-03,1.1095945,0.12079028,234.1522,4.8441668,2897.0,2608.0,9265.0,11860.267
2008-06-04,1.1034111,0.10583611,234.70647,4.827778,1550.0,7682.0,6508.0,10741.867
2008-06-05,0.777832,0.106323615,235.16383,3.3976388,1747.0,506.0,8781.0,7633.967
2008-06-06,0.8456347,0.121194445,239.71693,3.6720834,1009.0,506.0,7871.0,10909.233
2008-06-07,1.3072805,0.12945417,238.98445,5.5319443,2379.0,2611.0,14593.0,11791.733
2008-06-08,1.071057,0.13082223,239.96494,4.5961113,2536.0,3161.0,9732.0,10276.367
2008-06-09,0.9206236,0.12752777,239.43468,4.0397224,1967.0,2085.0,7921.0,10121.967
2008-06-10,0.74103475,0.1500125,239.97804,3.2048612,907.0,585.0,8992.0,7300.8335
2008-06-11,0.78000414,0.14886944,240.15448,3.3884723,977.0,842.0,7566.0,9335.1
2008-06-12,0.8745361,0.13145278,239.69002,3.7993054,1951.0,567.0,7246.0,11224.866
2008-06-13,1.3021528,0.19578889,238.8885,5.6044445,2809.0,7358.0,10531.0,10553.667
2008-06-14,0.96175003,0.23908333,240.0145,4.207778,1862.0,1011.0,10681.0,9528.0
2008-06-15,1.5896542,0.19514306,239.45374,6.773611,6471.0,6802.0,11589.0,13289.7
2008-06-16,0.90489167,0.14193195,240.43347,3.9047222,1980.0,464.0,10012.0,9261.4
2008-06-17,0.79519725,0.12185,240.35443,3.4345834,1080.0,432.0,10094.0,7478.7334
2008-06-18,1.3150055,0.18939167,239.73987,5.711389,7549.0,3040.0,12687.0,8284.134
2008-06-19,1.1028347,0.13154028,239.27269,4.7379165,3411.0,1514.0,10911.0,10632.033
2008-06-20,1.163961,0.15793055,239.9392,5.0081944,2948.0,2935.0,12417.0,9635.066
2008-06-21,1.2043431,0.16599166,239.46341,5.1341667,940.0,5823.0,12828.0,9313.233
2008-06-22,1.0877889,0.20426667,239.04411,4.674028,4705.0,1175.0,10652.0,9574.934
2008-06-23,0.86930275,0.14649722,238.93765,3.7919445,2600.0,581.0,10124.0,7558.2666
2008-06-24,1.2183695,0.17570972,237.91539,5.2622223,2779.0,3489.0,14271.0,8701.866
2008-06-25,0.87622917,0.2018236,238.8949,3.910972,2773.0,569.0,9402.0,8285.5
2008-06-26,0.73334724,0.15098195,239.35141,3.211111,921.0,572.0,8971.0,7136.3335
2008-06-27,1.2188555,0.18195,238.93498,5.2366667,4159.0,2372.0,10163.0,12558.533
2008-06-28,0.83944446,0.14649583,239.14238,3.6859722,0.0,2000.0,7932.0,10214.667
2008-06-29,0.52038336,0.12754445,240.16064,2.3311112,955.0,535.0,3896.0,7103.2
2008-06-30,0.5584694,0.13161528,240.37611,2.4791667,0.0,521.0,6819.0,6063.2666
2008-07-01,0.84391665,0.19290833,239.5403,3.74,3465.0,587.0,8390.0,7812.0
2008-07-02,0.79666805,0.18509583,238.96198,3.5695834,962.0,650.0,7002.0,10506.033
2008-07-03,0.76275,0.14843611,239.6355,3.3431945,958.0,2569.0,7410.0,7369.0
2008-07-04,0.6541806,0.13064723,240.17966,2.8283334,0.0,589.0,8302.0,6809.3335
2008-07-05,1.0202,0.15609722,239.56477,4.386528,1875.0,6754.0,8365.0,7490.8
2008-07-06,1.2535167,0.17609861,240.59023,5.3594446,4258.0,5230.0,7536.0,13060.4
2008-07-07,0.6829097,0.14084028,239.63371,2.968611,2171.0,592.0,7149.0,6477.8335
2008-07-08,0.78209305,0.13633195,239.70062,3.371389,991.0,503.0,7592.0,9684.233
2008-07-09,0.6384153,0.13314167,240.32957,2.7752779,951.0,499.0,7352.0,6519.967
2008-07-10,0.86894166,0.16683473,239.86775,3.7434723,982.0,552.0,8186.0,11134.6
2008-07-11,0.87098336,0.17433056,239.5169,3.7822223,724.0,558.0,9251.0,10370.6
2008-07-12,0.9228139,0.18480833,240.05928,4.0504165,4436.0,2617.0,7231.0,7863.533
2008-07-13,0.87127364,0.11590833,240.28969,3.7666667,1671.0,3164.0,7056.0,9019.566
2008-07-14,0.7902264,0.14560278,240.49419,3.4316666,2564.0,1995.0,6436.0,7970.433
2008-07-15,0.80268055,0.13259445,239.78145,3.4356945,968.0,552.0,8585.0,9159.333
2008-07-16,0.74795973,0.1433764,240.59338,3.2368057,1537.0,2799.0,4978.0,8637.033
2008-07-17,0.91605693,0.16632362,239.91704,4.0266666,1122.0,723.0,8280.0,11860.366
2008-07-18,0.8761,0.1358375,239.5772,3.7369444,1143.0,552.0,9260.0,10071.4
2008-07-19,0.93334305,0.14446528,239.15112,4.0197225,2941.0,3146.0,7676.0,8637.233
2008-07-20,0.65384305,0.119844444,239.7777,2.8363888,1943.0,1076.0,5457.0,7216.2334
2008-07-21,0.8031097,0.119756944,239.1017,3.4820833,1698.0,431.0,9189.0,7956.6333
2008-07-22,0.5140569,0.11189444,239.6703,2.2726388,0.0,430.0,4886.0,7021.3667
2008-07-23,0.6546042,0.11277222,240.09612,2.8494444,1233.0,454.0,6325.0,7698.5
2008-07-24,0.7593403,0.12908472,239.88376,3.2215278,837.0,476.0,8344.0,8567.167
2008-07-25,0.6010653,0.12688473,239.05722,2.6183333,1168.0,492.0,6731.0,6034.567
2008-07-26,0.5664472,0.1481375,240.0287,2.4944444,0.0,948.0,6243.0,6403.7334
2008-07-27,0.79680276,0.16190138,238.47116,3.5125,1063.0,858.0,8385.0,8817.267
2008-07-28,0.573475,0.13785695,239.9937,2.5743055,0.0,509.0,5963.0,7291.4
2008-07-29,0.81010973,0.1447111,240.24889,3.6408334,1571.0,530.0,5802.0,11539.634
2008-07-30,0.9027139,0.15801111,239.08559,4.065139,2548.0,773.0,6278.0,12066.134
2008-07-31,0.96710974,0.16908056,240.09567,4.231806,1533.0,2808.0,7588.0,11281.634
2008-08-01,0.51359445,0.17548889,239.80544,2.3279166,586.0,1150.0,5091.0,5499.2666
2008-08-02,0.35123333,0.123815276,239.12872,1.5879167,0.0,504.0,3803.0,4122.6
2008-08-03,0.35054305,0.11531389,237.05444,1.5766667,0.0,499.0,3926.0,3988.0332
2008-08-04,0.78231114,0.13459861,237.86327,3.4168055,596.0,4677.0,4411.0,9091.467
2008-08-05,0.5743875,0.12517223,238.73647,2.5059721,635.0,509.0,7118.0,5523.3
2008-08-06,0.22646667,0.14896111,240.56583,1.0904167,0.0,513.0,2215.0,2707.2
2008-08-07,0.23255834,0.14926389,239.31233,1.1206944,0.0,526.0,2357.0,2698.4
2008-08-08,0.20986111,0.13642222,239.45654,1.0055555,0.0,481.0,1980.0,2575.6667
2008-08-09,0.24925278,0.13888195,240.71046,1.1602777,0.0,489.0,1902.0,3591.0667
2008-08-10,0.24446666,0.1313236,240.2649,1.1225,0.0,464.0,1905.0,3498.2
2008-08-11,0.258275,0.13029167,240.71832,1.1706945,0.0,489.0,1880.0,3829.6
2008-08-12,0.20068334,0.12989028,240.04828,0.9534722,0.0,462.0,1844.0,2510.4
2008-08-13,0.19623889,0.1276639,240.87152,0.9315278,0.0,451.0,1789.0,2469.7334
2008-08-14,0.18767917,0.123587504,241.14088,0.885,0.0,441.0,1641.0,2422.3
2008-08-15,0.1900375,0.12373472,241.15817,0.89597225,0.0,439.0,1691.0,2430.9
2008-08-16,0.19084306,0.12616527,242.09535,0.89944446,0.0,442.0,1688.0,2450.2334
2008-08-17,0.19083056,0.12466389,241.18346,0.8977778,0.0,445.0,1710.0,2424.9333
2008-08-18,0.19010973,0.12367917,241.35583,0.8943056,0.0,440.0,1719.0,2403.6333
2008-08-19,0.19075833,0.12543194,240.89473,0.9033333,0.0,442.0,1697.0,2439.2
2008-08-20,0.18643889,0.12365556,241.5437,0.8833333,0.0,437.0,1626.0,2411.5334
2008-08-21,0.18145694,0.11734167,240.29567,0.8497222,0.0,432.0,1577.0,2345.9668
2008-08-22,0.18550278,0.1212875,240.88225,0.8720833,0.0,438.0,1614.0,2400.0667
2008-08-23,0.17683472,0.11765417,242.14265,0.8308333,0.0,419.0,1485.0,2340.0334
2008-08-24,0.17688611,0.11382639,241.61342,0.8263889,0.0,404.0,1523.0,2318.2666
2008-08-25,0.17381805,0.11379861,241.47397,0.80833334,0.0,422.0,1436.0,2313.6333
2008-08-26,0.17886388,0.11567083,241.11955,0.8372222,0.0,420.0,1533.0,2339.7334
2008-08-27,0.17924583,0.11518889,240.57646,0.83319443,0.0,399.0,1539.0,2363.9001
2008-08-28,0.18628195,0.12090139,240.54265,0.875,0.0,432.0,1631.0,2407.7666
2008-08-29,0.185825,0.11887917,240.33545,0.875,0.0,430.0,1599.0,2430.8
2008-08-30,0.18779445,0.1233,240.51399,0.88625,0.0,435.0,1619.0,2453.0667
2008-08-31,1.043425,0.14612362,240.01805,4.452778,2056.0,3733.0,12136.0,7117.2
2008-09-01,0.8663264,0.12811528,239.91591,3.7325,950.0,521.0,10183.0,9137.833
2008-09-02,0.96121806,0.15599583,239.32896,4.1415277,4273.0,1206.0,6648.0,10942.233
2008-09-03,0.96422637,0.12450556,240.02946,4.1186113,1326.0,1902.0,10213.0,9700.434
2008-09-04,0.85084724,0.105466664,238.6635,3.6547222,2225.0,404.0,9408.0,8383.333
2008-09-05,0.60691667,0.10224722,239.59059,2.6055555,379.0,431.0,6943.0,6813.0
2008-09-06,1.2976209,0.16548055,239.33978,5.5244446,2948.0,6500.0,13400.0,8294.9
2008-09-07,0.95323336,0.12253056,240.58868,4.0808334,3612.0,1707.0,5976.0,11582.6
2008-09-08,0.90925276,0.111509725,241.38182,3.8533332,747.0,2293.0,9559.0,9223.066
2008-09-09,0.80531526,0.12546527,239.78166,3.4644444,236.0,453.0,7728.0,10910.566
2008-09-10,0.90330833,0.11557639,239.48059,3.8575,1009.0,399.0,10281.0,9990.4
2008-09-11,0.71438473,0.13335972,239.09981,3.0802777,1005.0,417.0,7644.0,8079.2334
2008-09-12,0.9671958,0.123818055,239.9683,4.144583,1867.0,402.0,8738.0,12205.7
2008-09-13,1.1329417,0.1293,240.12454,4.820139,930.0,5433.0,11807.0,9020.6
2008-09-14,1.0946709,0.13454583,239.88899,4.735,4673.0,445.0,6538.0,14616.1
2008-09-15,1.1789639,0.09452639,240.2559,5.0718055,960.0,364.0,10322.0,16649.133
2008-09-16,0.8485153,0.108375,240.94875,3.6193056,0.0,368.0,8249.0,11747.366
2008-09-17,1.055007,0.12303334,240.65668,4.4897223,1910.0,3727.0,9371.0,10312.167
2008-09-18,1.0453403,0.1315111,240.32713,4.447361,4202.0,357.0,7991.0,12538.167
2008-09-19,1.0547541,0.11581111,240.35712,4.47875,1569.0,351.0,12367.0,11027.1
2008-09-20,0.90597224,0.108475,240.59412,3.8055556,0.0,370.0,12477.0,8896.333
2008-09-21,1.0646319,0.1432375,240.94016,4.560278,4010.0,2381.0,8347.0,10813.167
2008-09-22,0.94344723,0.105225,240.20915,4.012639,1014.0,2448.0,10227.0,8953.733
2008-09-23,0.85610276,0.11467222,240.18336,3.6841667,0.0,2168.0,7920.0,10458.467
2008-09-24,1.1932986,0.120466664,240.1258,5.0316668,2019.0,4730.0,10548.0,11342.167
2008-09-25,0.7855694,0.12067361,240.29033,3.34375,1012.0,751.0,8485.0,8605.667
2008-09-26,0.9940625,0.146925,240.39363,4.2395835,1221.0,370.0,10890.0,11376.5
2008-09-27,1.477393,0.1785,240.14648,6.258611,4347.0,2584.0,12688.0,15838.434
2008-09-28,1.2021556,0.113866664,240.27841,5.079583,1920.0,385.0,11242.0,15304.733
2008-09-29,1.0428736,0.13849445,240.26402,4.4094443,1014.0,363.0,10677.0,12974.967
2008-09-30,0.9548653,0.10770278,240.58377,4.024722,998.0,360.0,7415.0,14143.767
2008-10-01,1.3002528,0.12587222,241.12862,5.4820833,2249.0,5800.0,10808.0,12349.066
2008-10-02,0.93426526,0.10671944,240.32825,3.948611,0.0,367.0,9060.0,12995.367
2008-10-03,1.1198472,0.1101375,239.84201,4.7456946,4801.0,349.0,9432.0,12294.333
2008-10-04,1.4586778,0.15013888,240.17441,6.144861,3462.0,629.0,12573.0,18344.268
2008-10-05,1.0763541,0.10159445,240.13754,4.534167,990.0,3257.0,6071.0,15514.5
2008-10-06,0.9887375,0.086947225,239.11908,4.2163887,990.0,286.0,9562.0,12891.7
2008-10-07,1.1990056,0.13002361,238.85287,5.166111,1016.0,419.0,9476.0,17865.133
2008-10-08,1.2920667,0.10584028,240.04901,5.43125,1044.0,5126.0,11650.0,13189.6
2008-10-09,1.3775569,0.12631944,239.27542,5.8123612,1032.0,3064.0,11652.0,17313.367
2008-10-10,1.0544014,0.102808334,239.63486,4.4368057,0.0,389.0,12046.0,12870.633
2008-10-11,1.1592958,0.107533336,239.18262,4.905972,2144.0,2335.0,11373.0,11971.1
2008-10-12,1.3249583,0.112365276,240.15154,5.615139,2561.0,5822.0,7171.0,16245.0
2008-10-13,1.015261,0.10270417,240.80942,4.2543054,1037.0,535.0,9483.0,13311.267
2008-10-14,1.1174,0.1140875,239.21573,4.730139,1177.0,442.0,9939.0,15259.6
2008-10-15,1.4978445,0.1169875,239.50679,6.3281946,1998.0,7042.0,9984.0,16924.268
2008-10-16,1.0997778,0.095027775,239.26285,4.66125,951.0,429.0,8438.0,16576.666
2008-10-17,1.2964486,0.1066125,240.04762,5.4758334,2036.0,3187.0,9639.0,16252.767
2008-10-18,1.554993,0.11293611,239.83543,6.5470834,799.0,1655.0,12146.0,22719.834
2008-10-19,1.3693986,0.12610833,240.04254,5.805278,698.0,8010.0,4600.0,19557.566
2008-10-20,1.1580236,0.095702775,240.4325,4.8602777,844.0,2648.0,10475.0,13825.566
2008-10-21,1.4331361,0.105794445,239.73068,6.0808334,857.0,2663.0,11331.0,19544.268
2008-10-22,1.1430625,0.10371111,240.81577,4.8369446,662.0,2542.0,8487.0,15742.5
2008-10-23,1.2711763,0.11195,240.39905,5.3745832,815.0,1435.0,10587.0,17671.232
2008-10-24,1.4814069,0.11667639,240.4137,6.2669444,7893.0,2277.0,10284.0,15099.767
2008-10-25,1.1086305,0.08698333,240.9227,4.63375,737.0,480.0,14164.0,11226.133
2008-10-26,0.36353612,0.08022917,242.12346,1.4991667,0.0,360.0,2013.0,6351.8667
2008-10-27,0.36381388,0.089568056,242.22806,1.5091667,0.0,402.0,1967.0,6362.533
2008-10-28,0.92172915,0.10074722,241.3268,3.8531945,2263.0,362.0,5090.0,14406.5
2008-10-29,1.1198444,0.092556946,241.7896,4.6043057,1037.0,345.0,4015.0,21479.268
2008-10-30,0.7629167,0.08543611,242.0833,3.2733333,0.0,345.0,2619.0,15346.0
2008-10-31,0.8929389,0.07246389,241.32977,3.766389,0.0,312.0,10483.0,10635.533
2008-11-01,0.5767347,0.07893889,241.81024,2.6256945,0.0,344.0,1939.0,11558.633
2008-11-02,0.6323708,0.08366111,242.15575,2.8640277,0.0,346.0,2824.0,12006.9
2008-11-03,0.5886111,0.08003333,241.76512,2.665,963.0,347.0,1892.0,10924.667
2008-11-04,1.0849416,0.084358335,240.80244,4.652361,0.0,6214.0,4106.0,15718.6
2008-11-05,2.1770346,0.17904167,239.48077,9.239166,7597.0,10409.0,8362.0,25880.834
2008-11-06,1.103082,0.12601945,240.39021,4.7266665,1033.0,430.0,6734.0,18276.967
2008-11-07,1.1244333,0.07638056,239.75179,4.7545834,1032.0,389.0,10421.0,15144.4
2008-11-08,1.2035681,0.092477776,239.30803,5.104722,1114.0,3271.0,6069.0,18431.633
2008-11-09,1.7906514,0.14649028,238.45407,7.620972,6301.0,661.0,14348.0,21665.633
2008-11-10,1.4672945,0.1088375,239.62982,6.2143054,1023.0,355.0,10387.0,23450.066
2008-11-11,1.7055209,0.08894444,239.8787,7.1833334,2475.0,2288.0,14651.0,21518.5
2008-11-12,1.521032,0.11053611,240.38655,6.35125,1066.0,2752.0,9430.0,23256.768
2008-11-13,0.8600417,0.0871,241.59793,3.6272223,0.0,338.0,6315.0,13988.0
2008-11-14,1.126207,0.08881528,241.02182,4.7555556,2092.0,325.0,9929.0,14682.967
2008-11-15,2.1052973,0.11469445,238.63412,8.963195,3952.0,3799.0,15635.0,27141.133
2008-11-16,1.6426611,0.11328472,240.49414,6.919028,4791.0,1829.0,8945.0,23858.867
2008-11-17,1.0580806,0.08255139,241.13493,4.412083,0.0,378.0,10590.0,14425.934
2008-11-18,1.2146181,0.09672361,239.90204,5.1418056,1079.0,369.0,11204.0,16498.834
2008-11-19,1.277943,0.11559167,240.53961,5.4129167,1737.0,3026.0,8704.0,17203.633
2008-11-20,1.1752334,0.08416111,239.81812,4.9844446,1034.0,347.0,7732.0,19092.6
2008-11-21,1.1624514,0.08857917,239.92833,4.946528,1039.0,348.0,10396.0,16115.833
2008-11-22,1.18845,0.08671389,239.73181,5.0495834,1093.0,882.0,8320.0,18227.8
2008-11-23,2.3658195,0.1437625,239.15097,10.048333,3631.0,8823.0,10290.0,34035.668
2008-11-24,2.2312486,0.08445694,240.35948,9.285417,1063.0,510.0,13378.0,38598.965
2008-11-25,1.8769791,0.104558334,240.9306,7.823889,3010.0,345.0,10471.0,31221.5
2008-11-26,1.0527458,0.08333056,242.4009,4.356389,909.0,304.0,10002.0,14050.9
2008-11-27,1.6404291,0.08765139,241.44002,6.841111,2491.0,330.0,12440.0,24109.3
2008-11-28,1.3096973,0.089184724,243.06651,5.409583,1113.0,295.0,11361.0,18663.732
2008-11-29,1.6907417,0.115631945,241.24075,7.0536113,5268.0,2392.0,12386.0,20531.8
2008-11-30,1.6676306,0.11868333,242.37456,6.9555554,1161.0,3481.0,11474.0,23907.133
2008-12-01,1.1225958,0.082415275,243.44585,4.7584724,1085.0,309.0,9013.0,16535.3
2008-12-02,1.2454473,0.101325,243.37936,5.215139,0.0,304.0,11343.0,18243.732
2008-12-03,1.2188638,0.0866125,243.38373,5.0695834,1137.0,302.0,9664.0,18149.732
2008-12-04,1.2073874,0.07915972,243.46313,5.02375,1085.0,281.0,11314.0,16297.3
2008-12-05,1.4295958,0.08335139,242.9759,5.967639,831.0,310.0,9852.0,23317.3
2008-12-06,1.7526639,0.13065556,241.13657,7.3583336,4005.0,5749.0,9048.0,23261.934
2008-12-07,1.7130139,0.12515555,242.23854,7.157361,3294.0,310.0,13627.0,23881.334
2008-12-08,1.2976639,0.08387639,243.73161,5.3831944,1117.0,296.0,13256.0,16474.934
2008-12-09,1.3910723,0.092025,243.55565,5.757639,1985.0,2553.0,12886.0,15961.733
2008-12-10,1.5511528,0.1014625,243.45172,6.409861,1128.0,4144.0,12149.0,19806.666
2008-12-11,0.99480695,0.07980278,243.41837,4.1219444,1160.0,273.0,7979.0,14463.366
2008-12-12,1.2607875,0.09676528,243.04301,5.221667,1157.0,255.0,12154.0,16692.9
2008-12-13,1.2677597,0.1133875,241.53854,5.3218055,2186.0,261.0,9271.0,18708.232
2008-12-14,1.3903611,0.11389861,241.6228,5.881528,3742.0,2497.0,5415.0,21714.666
2008-12-15,1.2468402,0.07898889,243.0392,5.1909723,1178.0,252.0,9668.0,18826.166
2008-12-16,1.2479792,0.079581946,243.8799,5.192639,0.0,253.0,11334.0,18364.5
2008-12-17,1.4574903,0.09459444,243.3135,6.080278,4251.0,284.0,10813.0,19631.768
2008-12-18,1.2062083,0.08199306,242.85907,4.9893055,1125.0,258.0,11293.0,16273.0
2008-12-19,1.3070222,0.091773614,241.86618,5.480139,1538.0,296.0,11773.0,17761.533
2008-12-20,1.558432,0.111693054,242.5651,6.5,1134.0,6479.0,12837.0,16952.367
2008-12-21,1.8358402,0.0938,241.72008,7.6626387,1099.0,9189.0,14816.0,18956.166
2008-12-22,1.3998667,0.08671528,241.86449,5.8570833,2157.0,391.0,10433.0,20615.8
2008-12-23,1.2486722,0.10491667,241.77055,5.2506943,2666.0,2115.0,8326.0,16861.133
2008-12-24,0.88169307,0.08008195,243.96063,3.6336112,0.0,364.0,9981.0,10815.634
2008-12-25,0.7368875,0.081168056,243.23306,3.0386112,0.0,285.0,3598.0,13802.3
2008-12-26,0.8498139,0.08626528,244.35365,3.5006945,1121.0,279.0,7796.0,11199.533
2008-12-27,2.0640028,0.08203611,243.31189,8.431806,0.0,244.0,12209.0,37083.066
2008-12-28,1.0907236,0.07795,244.56038,4.42,1953.0,217.0,5291.0,18716.367
2008-12-29,0.38560972,0.0636375,244.95476,1.5788889,0.0,218.0,2480.0,6556.6333
2008-12-30,0.8300264,0.07861528,244.63817,3.4018056,0.0,245.0,7145.0,12530.634
2008-12-31,1.3640194,0.089772224,243.29662,5.6876388,2975.0,246.0,11860.0,17655.467
2009-01-01,0.97686946,0.07824167,242.83606,4.1498613,765.0,3845.0,2803.0,16031.867
2009-01-02,1.6163263,0.14217362,242.7049,6.7377777,2417.0,6018.0,11841.0,18515.834
2009-01-03,1.3288167,0.12146667,243.68146,5.5308332,6440.0,328.0,10439.0,14684.6
2009-01-04,1.347218,0.116206944,244.82243,5.6331944,1457.0,5251.0,3245.0,22380.232
2009-01-05,1.1138889,0.08954028,244.83078,4.63625,1247.0,322.0,8650.0,16514.334
2009-01-06,1.1735153,0.08024722,245.09267,4.834028,0.0,254.0,12462.0,15448.366
2009-01-07,1.4446334,0.09826667,246.04063,5.9468055,2687.0,3820.0,9979.0,18185.2
2009-01-08,1.1342152,0.08637083,245.35074,4.7206945,2773.0,299.0,10075.0,14074.167
2009-01-09,1.2421541,0.08025833,244.6224,5.182083,1802.0,272.0,9285.0,18452.7
2009-01-10,1.4603806,0.112315275,244.12048,6.088889,2828.0,4288.0,12539.0,15394.134
2009-01-11,1.3722138,0.099472225,245.53156,5.7647223,4521.0,5301.0,5887.0,17224.133
2009-01-12,1.1036652,0.078075,245.52707,4.513889,0.0,261.0,12147.0,14079.967
2009-01-13,1.5156945,0.09315417,244.45834,6.2543054,1140.0,329.0,16194.0,18713.666
2009-01-14,1.2373556,0.08388333,244.60194,5.1130557,2279.0,332.0,10318.0,16767.533
2009-01-15,1.0861583,0.08024028,243.02127,4.5205555,2731.0,390.0,9561.0,13385.8
2009-01-16,1.921218,0.12494444,242.56897,8.040556,5811.0,3158.0,15220.0,21920.232
2009-01-17,2.3040416,0.114266664,241.63155,9.578889,2477.0,3154.0,15322.0,34344.0
2009-01-18,2.1904125,0.14572223,242.64409,9.167639,5649.0,6701.0,12727.0,27492.9
2009-01-19,1.1804625,0.08282917,243.12617,4.924444,1118.0,376.0,10279.0,16558.1
2009-01-20,1.2069639,0.09297222,243.39986,4.979722,0.0,282.0,13727.0,14958.134
2009-01-21,1.2079402,0.088919446,244.1052,4.9929166,1148.0,2159.0,9830.0,15853.566
2009-01-22,0.859275,0.08027778,244.00635,3.59,0.0,341.0,8246.0,12035.6
2009-01-23,1.3267611,0.087706946,242.76895,5.5308332,2078.0,295.0,12146.0,17323.268
2009-01-24,1.5283124,0.1180375,243.25076,6.391111,5096.0,4492.0,8322.0,18769.5
2009-01-25,1.9747666,0.102615274,242.54399,8.151389,3971.0,5960.0,11213.0,26250.4
2009-01-26,1.1628277,0.078663886,243.20027,4.8344445,1121.0,348.0,9821.0,16617.867
2009-01-27,0.9896042,0.09419167,243.9376,4.167917,896.0,278.0,6608.0,15968.5
2009-01-28,1.8900931,0.080569446,243.03223,7.830972,2301.0,6949.0,14285.0,21827.232
2009-01-29,1.0928458,0.07243472,243.36285,4.532639,0.0,294.0,8996.0,16938.3
2009-01-30,1.4298875,0.08339861,244.28984,5.917917,1622.0,280.0,12147.0,20268.3
2009-01-31,2.3005917,0.16577223,242.47139,9.633195,8278.0,6575.0,15309.0,25052.2
2009-02-01,1.2692722,0.105829164,244.84178,5.3166666,3330.0,622.0,7494.0,19016.533
2009-02-02,1.1134027,0.07401945,244.87483,4.581111,1159.0,232.0,10915.0,14415.667
2009-02-03,1.2974931,0.08542361,244.30272,5.3438888,703.0,878.0,14984.0,14574.833
2009-02-04,1.708975,0.105280556,244.68669,7.041389,871.0,6961.0,15960.0,17223.4
2009-02-05,1.1452,0.08485278,243.85506,4.7625,1104.0,264.0,12987.0,13129.8
2009-02-06,1.4224973,0.08810556,243.28893,5.9216666,1165.0,273.0,11716.0,20985.934
2009-02-07,2.1746778,0.128225,242.05092,9.080973,6822.0,4483.0,17873.0,23014.266
2009-02-08,1.5158792,0.09306944,243.35457,6.329583,5341.0,259.0,15174.0,15607.101
2009-02-09,1.1851653,0.09347778,243.32199,4.9655557,1063.0,228.0,9375.0,17777.967
2009-02-10,1.3498764,0.08043889,243.15778,5.5841665,1128.0,263.0,12339.0,18667.033
2009-02-11,1.8329097,0.16622362,242.09756,7.73125,2985.0,10477.0,12195.0,18332.834
2009-02-12,1.367125,0.082836114,242.91153,5.682639,1109.0,299.0,17724.0,13679.0
2009-02-13,1.1736264,0.07582361,241.69333,4.8918056,1100.0,254.0,11554.0,15259.033
2009-02-14,1.6217569,0.08247778,241.94653,6.728194,2280.0,3256.0,18543.0,14843.167
2009-02-15,1.1014111,0.07918195,242.84393,4.501389,2465.0,226.0,5234.0,18508.867
2009-02-16,0.91596806,0.07764306,242.143,3.8281944,0.0,261.0,7037.0,14685.233
2009-02-17,0.55104584,0.08025695,242.26532,2.2972221,0.0,266.0,3925.0,9034.1
2009-02-18,0.5739236,0.07851667,242.2311,2.3558333,0.0,297.0,5471.0,8006.1665
2009-02-19,0.5119917,0.0690125,241.54959,2.1115277,1046.0,262.0,1796.0,9183.8
2009-02-20,1.3060666,0.10210834,240.1907,5.535,2897.0,293.0,8768.0,19387.6
2009-02-21,0.91401666,0.107918054,240.95435,3.8066666,2111.0,262.0,3983.0,15580.4
2009-02-22,1.5544987,0.122102775,241.3163,6.5347223,3816.0,8576.0,7133.0,17782.967
2009-02-23,1.8983722,0.09013889,241.24088,7.8730555,1212.0,3744.0,12471.0,28133.934
2009-02-24,1.2382945,0.08565695,240.88792,5.167639,0.0,1602.0,14512.0,13605.066
2009-02-25,0.81239164,0.078520834,241.20197,3.4125,1092.0,274.0,7359.0,10772.4
2009-02-26,0.80336946,0.07819445,240.73236,3.3630555,0.0,268.0,6841.0,12171.866
2009-02-27,1.4089708,0.14035833,240.96568,5.9034724,1154.0,246.0,14831.0,17584.3
2009-02-28,1.1324652,0.14763056,242.39728,4.834306,1145.0,5358.0,8006.0,12670.167
2009-03-01,1.7170514,0.13159305,242.13972,7.2306943,11224.0,2741.0,8852.0,18392.232
2009-03-02,1.0260013,0.094002776,242.24185,4.401111,1560.0,310.0,6684.0,16070.033
2009-03-03,1.2839944,0.08882222,242.89735,5.3470836,1159.0,268.0,13024.0,16364.866
2009-03-04,1.2792569,0.08988472,242.38449,5.397222,2214.0,2570.0,8393.0,17525.166
2009-03-05,1.0012584,0.07809861,241.67961,4.2533336,0.0,271.0,9094.0,14665.2
2009-03-06,1.2385236,0.089552775,240.79332,5.2636113,1144.0,265.0,12056.0,16259.566
2009-03-07,1.1781014,0.104073614,242.47165,4.935972,1055.0,811.0,12113.0,14295.434
2009-03-08,1.6369208,0.1348514,242.15979,6.8818054,7253.0,5260.0,12691.0,14082.1
2009-03-09,1.170525,0.09447222,242.4823,4.904444,2001.0,369.0,10336.0,15386.6
2009-03-10,1.2751459,0.07979306,241.82843,5.3406944,0.0,281.0,11610.0,18712.5
2009-03-11,1.6707667,0.09530833,241.82117,7.027639,3476.0,7288.0,10737.0,18597.4
2009-03-12,1.3105972,0.09359167,241.99843,5.4579167,0.0,364.0,13655.0,17435.334
2009-03-13,1.0038333,0.096308336,242.75731,4.171389,1082.0,311.0,10466.0,12233.0
2009-03-14,1.4923805,0.1078125,242.1788,6.186111,2196.0,280.0,18036.0,15305.134
2009-03-15,1.3486542,0.12343889,241.77112,5.69625,3478.0,5152.0,8353.0,15384.7
2009-03-16,0.9291958,0.08288056,242.40953,3.855,0.0,306.0,9291.0,12703.7
2009-03-17,1.3416041,0.16318889,241.95642,5.6493053,1110.0,3952.0,12320.0,14816.5
2009-03-18,1.0074166,0.08465695,242.84062,4.1811113,1123.0,375.0,12101.0,10579.0
2009-03-19,0.8274528,0.08084167,242.77628,3.4248612,0.0,314.0,9458.0,10086.866
2009-03-20,1.0166014,0.090304166,242.91649,4.2177777,1083.0,308.0,10618.0,12389.434
2009-03-21,1.340293,0.13726111,242.58272,5.6718054,5420.0,682.0,10266.0,15799.033
2009-03-22,1.1730347,0.09047222,241.52762,4.9505553,2017.0,3778.0,9015.0,13342.833
2009-03-23,0.9003125,0.08341806,242.05365,3.7894444,1078.0,310.0,5999.0,14220.5
2009-03-24,1.1539667,0.10196944,242.4841,4.8943057,1710.0,352.0,10149.0,15484.2
2009-03-25,1.2769264,0.13474722,243.11307,5.3530555,2780.0,3315.0,10287.0,14264.233
2009-03-26,0.840975,0.08315972,242.93576,3.5016665,0.0,312.0,8596.0,11275.4
2009-03-27,1.1902264,0.12574583,242.62865,5.015139,1103.0,526.0,9947.0,16989.434
2009-03-28,1.5701222,0.19215278,242.13562,6.6033335,4527.0,327.0,12225.0,20603.934
2009-03-29,1.5393403,0.09520417,242.54857,6.4183335,1611.0,4024.0,9502.0,21807.166
2009-03-30,1.0260084,0.09119722,242.72852,4.3047223,1085.0,295.0,9901.0,13343.2
2009-03-31,1.266307,0.095825,242.16791,5.3090277,2202.0,2711.0,12958.0,12520.366
2009-04-01,1.1396805,0.09933889,242.90604,4.8079166,2807.0,2364.0,7309.0,14872.333
2009-04-02,1.1418986,0.086640276,242.23964,4.761389,1128.0,324.0,13500.0,12453.566
2009-04-03,0.9467083,0.09208194,241.81189,3.9829166,0.0,326.0,8556.0,13839.0
2009-04-04,1.5216889,0.1387,241.45065,6.396528,2699.0,4172.0,16251.0,13398.533
2009-04-05,0.9553583,0.12709166,242.3137,4.1120834,3832.0,357.0,6503.0,12236.6
2009-04-06,1.0087736,0.091347225,242.30115,4.2255554,799.0,333.0,10141.0,12937.566
2009-04-07,1.0000639,0.10606389,241.98941,4.23125,1103.0,338.0,9121.0,13439.533
2009-04-08,1.0656945,0.11204861,242.25974,4.5279164,2131.0,2827.0,7968.0,12650.667
2009-04-09,1.3128278,0.122872226,242.29683,5.4645834,2682.0,366.0,13482.0,14977.866
2009-04-10,1.2792459,0.11513333,242.03448,5.329167,2057.0,2822.0,13828.0,11994.9
2009-04-11,1.710032,0.17615694,240.96925,7.1752777,3661.0,4286.0,18233.0,14860.767
2009-04-12,1.4868139,0.19560416,240.4033,6.332778,7498.0,1504.0,12470.0,14211.533
2009-04-13,1.1110584,0.13893889,241.13232,4.735417,1006.0,5648.0,6209.0,13802.4
2009-04-14,1.0427347,0.13095833,241.49232,4.435,888.0,2341.0,9478.0,12318.634
2009-04-15,0.8444875,0.13255972,241.32071,3.6109722,1880.0,463.0,5278.0,12646.7
2009-04-16,1.086475,0.12431667,240.47604,4.6241665,2896.0,397.0,9809.0,12973.4
2009-04-17,1.4186181,0.1188875,241.32773,5.966944,0.0,5224.0,7655.0,21167.834
2009-04-18,1.0501847,0.102054164,241.04625,4.428056,1028.0,2613.0,10699.0,10864.434
2009-04-19,0.8933806,0.10666945,242.65854,3.7484722,2201.0,376.0,8088.0,10776.134
2009-04-20,1.0322986,0.117709726,241.90456,4.3333335,0.0,2644.0,10476.0,11655.167
2009-04-21,1.315693,0.12689722,240.64847,5.535278,1925.0,375.0,7380.0,21896.633
2009-04-22,1.0390264,0.14160278,241.27486,4.372778,1024.0,1203.0,13265.0,9444.634
2009-04-23,0.79268056,0.121843055,241.49464,3.4022222,1068.0,395.0,5511.0,12050.333
2009-04-24,0.8292,0.12556945,241.79008,3.5298612,0.0,383.0,9677.0,9840.8
2009-04-25,1.4043639,0.16360556,240.50833,5.936111,2007.0,3901.0,13225.0,14571.733
2009-04-26,1.2372403,0.15945694,241.86493,5.2420835,3053.0,3017.0,10561.0,13062.767
2009-04-27,0.9386306,0.11139444,241.00124,4.0041666,995.0,376.0,7021.0,14135.134
2009-04-28,1.1849903,0.11136528,241.99013,5.0590277,2068.0,371.0,11469.0,14531.767
2009-04-29,1.1560278,0.098344445,242.18654,4.8584723,1043.0,2492.0,9372.0,14837.667
2009-04-30,1.2741402,0.09587222,241.90433,5.323889,1027.0,363.0,15305.0,13884.366
2009-05-01,1.0505569,0.13226528,241.27309,4.4241667,1067.0,1052.0,11709.0,11385.366
2009-05-02,0.9679931,0.12473611,241.8829,4.0775,1430.0,374.0,9760.0,11667.833
2009-05-03,1.1172764,0.12479028,242.06633,4.7619443,3207.0,2593.0,7226.0,13788.634
2009-05-04,1.1582514,0.10142778,241.43523,4.8413887,1007.0,411.0,11374.0,15006.033
2009-05-05,1.2024125,0.09855139,240.8185,5.0572224,1049.0,5539.0,10166.0,12103.9
2009-05-06,0.93743193,0.101651385,240.89671,3.9697223,1038.0,1797.0,9058.0,10605.366
2009-05-07,0.70322776,0.09375556,241.17351,2.9727778,0.0,374.0,7992.0,8511.467
2009-05-08,1.2896917,0.10755695,240.82481,5.4177775,2226.0,848.0,15426.0,12452.6
2009-05-09,0.8759389,0.12707223,241.57423,3.7644444,2090.0,382.0,6605.0,11945.533
2009-05-10,1.3664125,0.142425,241.07047,5.8430557,4300.0,6670.0,8693.0,13130.9
2009-05-11,1.0535945,0.110027775,240.25133,4.430972,1035.0,457.0,11009.0,12785.267
2009-05-12,1.1291361,0.104181945,240.37679,4.768889,0.0,2713.0,11335.0,13051.267
2009-05-13,0.86555415,0.119143054,240.63599,3.7073612,1419.0,553.0,7127.0,11674.3
2009-05-14,1.1159611,0.105493054,240.05952,4.8056946,0.0,4065.0,11499.0,11219.066
2009-05-15,0.98765695,0.09760139,240.9572,4.182778,1382.0,494.0,12195.0,9632.767
2009-05-16,1.3940125,0.12951528,239.98875,5.8854165,1705.0,4820.0,12265.0,14666.3
2009-05-17,1.0720583,0.15726389,240.30074,4.605417,2555.0,1926.0,7168.0,14080.4
2009-05-18,0.8402125,0.10733333,240.95868,3.5181944,763.0,374.0,8971.0,10057.1
2009-05-19,1.1231556,0.13116944,240.99294,4.7015276,3253.0,792.0,10981.0,11929.733
2009-05-20,0.9077514,0.12665416,241.3197,3.8394444,1061.0,1889.0,9470.0,9366.033
2009-05-21,1.0938542,0.14749722,241.0191,4.6084723,1553.0,1278.0,12563.0,10858.5
2009-05-22,0.7463931,0.1647514,241.96654,3.2009723,982.0,1207.0,8078.0,7646.4336
2009-05-23,1.0629153,0.13420139,240.56842,4.4944444,480.0,1844.0,12579.0,10606.967
2009-05-24,0.8942958,0.123055555,242.01796,3.7705555,45.0,446.0,10256.0,10716.1
2009-05-25,0.94034445,0.12719584,238.43091,4.001806,920.0,966.0,9930.0,10752.267
2009-05-26,0.92979026,0.08804444,231.79428,4.04,1191.0,866.0,10100.0,10157.967
2009-05-27,1.072425,0.0867375,231.14297,4.6734724,1052.0,2355.0,11076.0,11255.2
2009-05-28,0.81926113,0.08943472,233.70236,3.5129166,1502.0,421.0,9049.0,8690.267
2009-05-29,0.8630875,0.1021875,241.5587,3.6334722,1005.0,434.0,10112.0,9163.1
2009-05-30,1.152157,0.16228333,241.1634,4.9030557,2787.0,1707.0,11557.0,11600.767
2009-05-31,0.664507,0.13931666,241.45615,2.8866668,1466.0,458.0,5720.0,8304.167
2009-06-01,1.0022639,0.15963611,241.33412,4.31125,2789.0,461.0,11361.0,9443.333
2009-06-02,0.7573875,0.15534444,241.6303,3.3677778,0.0,506.0,7892.0,9779.3
2009-06-03,0.94206804,0.13953194,240.40593,4.076667,940.0,1370.0,11577.0,8722.634
2009-06-04,0.71920836,0.11434861,240.01021,3.0834723,1906.0,455.0,6905.0,7995.0
2009-06-05,0.85441667,0.10899305,239.8632,3.65,0.0,456.0,12515.0,7535.0
2009-06-06,1.024618,0.16215,240.58183,4.4143057,1769.0,2732.0,10611.0,9478.833
2009-06-07,0.83846664,0.15203473,241.01857,3.6288888,2077.0,1641.0,6034.0,10371.2
2009-06-08,0.81859446,0.089833334,240.06473,3.5420833,1024.0,432.0,8551.0,9639.267
2009-06-09,0.9255903,0.10721944,240.92351,3.9577777,1000.0,414.0,10695.0,10105.167
2009-06-10,1.1131917,0.11056111,240.71608,4.733889,1032.0,4745.0,9889.0,11050.6
2009-06-11,0.9032292,0.11106389,241.17606,3.8533332,0.0,472.0,10610.0,10595.5
2009-06-12,0.76509166,0.10604444,240.93735,3.2659721,1009.0,460.0,7137.0,9756.2
2009-06-13,0.34279028,0.0947625,241.4511,1.4126389,0.0,1415.0,1489.0,5322.9663
2009-06-14,0.34,0.094,241.4,1.4,0.0,1440.0,1440.0,5280.0
2009-06-15,0.6434778,0.13652639,240.90848,2.7566667,916.0,803.0,6117.0,7607.467
2009-06-16,1.0477722,0.14735278,240.83118,4.484861,2983.0,1221.0,13691.0,7251.533
2009-06-17,0.68612224,0.13393055,241.2955,2.9588888,975.0,611.0,7193.0,7687.933
2009-06-18,0.80951387,0.115245834,241.29622,3.4075,0.0,461.0,11223.0,7744.3335
2009-06-19,0.7547681,0.11406945,241.31758,3.2084723,969.0,475.0,7737.0,8933.434
2009-06-20,0.76881945,0.124344446,241.48459,3.2494445,0.0,2657.0,9159.0,6635.6665
2009-06-21,0.5938486,0.11217083,241.28676,2.5322223,1039.0,412.0,6002.0,6799.3667
2009-06-22,0.7597903,0.11258611,241.20229,3.2180555,0.0,449.0,11148.0,6637.967
2009-06-23,0.7216764,0.1138,241.21326,3.0751388,1010.0,1261.0,8186.0,6863.2334
2009-06-24,1.0658847,0.13494584,240.53719,4.516111,3059.0,1239.0,14275.0,7008.2334
2009-06-25,0.5356681,0.12775417,241.17795,2.3138888,0.0,495.0,6224.0,6137.033
2009-06-26,0.8870292,0.16587916,240.54077,3.8409722,1826.0,538.0,9952.0,8972.7
2009-06-27,1.1868416,0.18862778,241.81415,5.0281944,2663.0,2432.0,13468.0,9921.2
2009-06-28,0.7356903,0.19293334,241.83842,3.2090278,0.0,1421.0,6742.0,9493.566
2009-06-29,0.70148194,0.16390695,241.89383,3.026389,1794.0,598.0,6462.0,7981.567
2009-06-30,0.8280875,0.19663194,241.9436,3.6422222,582.0,1034.0,8989.0,9269.1
2009-07-01,0.8460708,0.18454306,241.8093,3.6469445,989.0,590.0,9747.0,8979.7
2009-07-02,0.8629014,0.1918875,241.96674,3.715,637.0,603.0,8032.0,11437.634
2009-07-03,0.6001028,0.17083056,241.92334,2.635139,856.0,642.0,7371.0,5533.467
2009-07-04,0.86011666,0.25965416,241.14746,3.8441668,2084.0,2329.0,6791.0,9438.8
2009-07-05,0.9796778,0.266075,241.44458,4.310278,3215.0,1438.0,8014.0,10845.267
2009-07-06,0.66268057,0.18817501,241.76347,2.9018056,429.0,755.0,7142.0,7578.3335
2009-07-07,0.7709278,0.17822084,241.641,3.40375,1292.0,3619.0,5704.0,7887.2666
2009-07-08,0.8572222,0.15360834,241.60374,3.6909723,0.0,3514.0,9308.0,7751.3335
2009-07-09,0.587675,0.135175,242.59113,2.6118054,0.0,656.0,4783.0,8665.2
2009-07-10,0.8282264,0.1515375,242.24522,3.5268056,988.0,2624.0,7492.0,8773.434
2009-07-11,0.6902556,0.17324445,242.2148,3.0181944,981.0,683.0,7756.0,7146.1333
2009-07-12,0.35658196,0.13297223,242.30493,1.6009722,0.0,589.0,4060.0,3908.9666
2009-07-13,0.3449625,0.13647638,242.54752,1.5625,0.0,594.0,3881.0,3804.1
2009-07-14,0.6329375,0.18512084,242.20538,2.8152778,2303.0,618.0,6155.0,6114.5
2009-07-15,0.4986625,0.13173056,241.9269,2.1675,878.0,932.0,5820.0,4337.9
2009-07-16,0.41635695,0.1800875,242.11697,1.8761111,0.0,1724.0,3902.0,4366.5664
2009-07-17,0.5082,0.12439861,241.59462,2.1952777,0.0,626.0,6670.0,4900.8
2009-07-18,0.6711181,0.1516236,242.00627,2.8848612,0.0,663.0,5389.0,10054.833
2009-07-19,0.8358639,0.18003473,242.0466,3.5258334,0.0,598.0,5058.0,14404.733
2009-07-20,0.46005973,0.15129444,241.84186,2.0479167,914.0,784.0,4948.0,4395.4336
2009-07-21,0.5651125,0.18520834,242.52287,2.5005555,0.0,981.0,7795.0,4786.7
2009-07-22,0.5135639,0.16561112,242.07942,2.2625,0.0,681.0,3965.0,7679.533
2009-07-23,0.7152778,0.15202083,241.94331,3.0527778,926.0,622.0,9064.0,6554.6665
2009-07-24,0.39009583,0.14481667,241.75082,1.7565278,0.0,630.0,4128.0,4604.3
2009-07-25,0.3727,0.13573611,242.09708,1.6822222,0.0,577.0,3716.0,4651.8
2009-07-26,0.37709445,0.16652639,242.65741,1.7173611,0.0,1019.0,3799.0,4232.2666
2009-07-27,0.47817084,0.2235764,242.52809,2.1820834,0.0,2062.0,5202.0,4212.1
2009-07-28,0.6269792,0.17553194,242.2214,2.7680557,0.0,4899.0,4353.0,5795.5
2009-07-29,0.6263889,0.12879722,241.50047,2.7113888,869.0,749.0,7549.0,5866.3335
2009-07-30,0.5502264,0.13764305,242.43901,2.4106944,0.0,2304.0,4040.0,6861.433
2009-07-31,0.67765975,0.15850417,241.87106,3.0022223,865.0,3423.0,6302.0,5673.8335
2009-08-01,0.49094862,0.16851528,241.503,2.2073612,0.0,844.0,6248.0,4690.7666
2009-08-02,0.3400861,0.14270277,240.9416,1.5684723,0.0,637.0,3539.0,3986.0667
2009-08-03,0.34742916,0.13701388,241.92007,1.5655556,0.0,605.0,3811.0,3922.3
2009-08-04,0.35339722,0.136375,242.27649,1.6094445,0.0,607.0,3871.0,4003.5332
2009-08-05,0.360175,0.14437084,242.30757,1.6444445,0.0,620.0,4042.0,3982.2
2009-08-06,0.3699111,0.14915694,241.22874,1.6773611,0.0,659.0,4193.0,4025.8667
2009-08-07,0.37451112,0.1536736,241.3578,1.6958333,0.0,668.0,4232.0,4088.2666
2009-08-08,0.36560556,0.14865834,241.7271,1.6597222,0.0,646.0,4093.0,4035.5332
2009-08-09,0.69321805,0.19744861,242.04942,3.0572221,1984.0,2380.0,5154.0,7119.2334
2009-08-10,0.74260974,0.20711666,241.0285,3.2770834,0.0,3719.0,6012.0,8091.6333
2009-08-11,0.6603847,0.21350695,241.84149,2.94875,857.0,1467.0,6577.0,6948.2334
2009-08-12,0.572525,0.18927222,241.80827,2.5543056,912.0,689.0,4991.0,7148.6
2009-08-13,0.56001806,0.15065417,241.91368,2.4419444,1215.0,3702.0,2600.0,5923.433
2009-08-14,0.5199139,0.16758889,241.17958,2.2831945,429.0,850.0,4647.0,6551.933
2009-08-15,1.0514319,0.26719582,240.89635,4.6058335,3437.0,1852.0,8922.0,11023.366
2009-08-16,0.8456333,0.28406388,240.52084,3.7944443,1604.0,1094.0,5691.0,11906.2
2009-08-17,0.54576945,0.1746264,241.22044,2.4170833,1.0,813.0,6261.0,6023.467
2009-08-18,0.75041527,0.17133611,240.82649,3.2581944,2306.0,1440.0,6324.0,7939.967
2009-08-19,0.6116264,0.18263473,241.54156,2.7259722,896.0,812.0,6044.0,6927.033
2009-08-20,0.5386958,0.18117361,241.08562,2.4233334,0.0,883.0,6138.0,5907.7
2009-08-21,0.80676806,0.18219583,240.61176,3.5033333,3043.0,887.0,7527.0,7905.4336
2009-08-22,1.0755125,0.2901625,241.12323,4.7606945,4544.0,3203.0,8549.0,9516.3
2009-08-23,0.74076945,0.25821388,241.55547,3.3304167,949.0,819.0,6994.0,9016.467
2009-08-24,0.86962086,0.19798888,241.06554,3.7718055,2279.0,737.0,8247.0,9607.9
2009-08-25,0.6552847,0.19224028,241.50986,2.8891666,1140.0,755.0,6291.0,7540.8335
2009-08-26,0.7892681,0.18695417,241.77747,3.432778,2131.0,1516.0,7860.0,7435.4336
2009-08-27,0.5204625,0.17444861,241.63812,2.3176389,0.0,664.0,4283.0,7544.1
2009-08-28,0.7769736,0.17145139,240.87444,3.3722222,1778.0,1125.0,7485.0,8259.366
2009-08-29,0.9641764,0.21911111,240.97533,4.183472,905.0,1483.0,11707.0,9045.233
2009-08-30,1.1585709,0.204225,241.08125,4.9802775,2653.0,1363.0,10648.0,13141.7
2009-08-31,0.8788347,0.15230417,238.7429,3.8223612,960.0,678.0,9974.0,9480.033
2009-09-01,0.68092775,0.15074444,241.2211,2.9940279,0.0,697.0,6073.0,9572.267
2009-09-02,0.8491764,0.14434583,241.81776,3.6381946,947.0,659.0,9921.0,8853.233
2009-09-03,0.86888057,0.14822084,241.33006,3.7620833,3319.0,3099.0,5011.0,9424.134
2009-09-04,0.71138054,0.12573889,242.01288,3.05625,0.0,636.0,8095.0,8342.134
2009-09-05,1.0512959,0.18754722,240.86028,4.5308332,2988.0,2248.0,10433.0,9562.1
2009-09-06,0.8532153,0.15314722,241.86032,3.665139,995.0,588.0,9031.0,9863.167
2009-09-07,0.8482347,0.139925,241.71162,3.6395833,2196.0,577.0,8299.0,9285.634
2009-09-08,0.75434303,0.13903056,241.35161,3.2243056,1002.0,577.0,8533.0,7992.2334
2009-09-09,1.0564889,0.15525833,241.3085,4.49125,964.0,3832.0,10671.0,9888.733
2009-09-10,0.77246803,0.14055,241.22896,3.3091667,928.0,600.0,6508.0,10503.233
2009-09-11,0.84315693,0.12734583,241.15,3.5655556,0.0,631.0,11693.0,7911.7666
2009-09-12,1.433582,0.22583055,240.70705,6.1425,9583.0,1202.0,12601.0,11019.967
2009-09-13,1.0914,0.18837361,240.24918,4.688611,4146.0,612.0,10188.0,11247.6
2009-09-14,1.0936514,0.16643472,241.47696,4.6575,2843.0,603.0,9091.0,13710.634
2009-09-15,1.0116708,0.12796944,240.99239,4.285,1769.0,560.0,8644.0,13307.1
2009-09-16,1.2105292,0.13732362,240.2313,5.149722,1035.0,3470.0,13384.0,11163.7
2009-09-17,0.8496014,0.11616806,241.36066,3.6108334,0.0,563.0,9710.0,10117.434
2009-09-18,0.9541889,0.11750834,241.0992,4.038611,1993.0,652.0,9151.0,11104.533
2009-09-19,1.483132,0.18298055,240.35402,6.259444,1607.0,4050.0,14845.0,15093.167
2009-09-20,1.4134222,0.20534305,241.29544,6.024028,4532.0,2466.0,11935.0,14989.133
2009-09-21,0.9846306,0.14872639,241.25269,4.20125,921.0,604.0,10844.0,11262.134
2009-09-22,0.86565,0.14392778,241.18202,3.6991668,937.0,597.0,8502.0,10739.6
2009-09-23,1.1365347,0.16386388,240.7466,4.8247223,2085.0,978.0,12884.0,11329.833
2009-09-24,0.99045694,0.15560834,240.38724,4.235,1051.0,621.0,10374.0,11724.967
2009-09-25,0.8062611,0.14437222,241.42293,3.483611,0.0,594.0,9694.0,9062.267
2009-09-26,1.080732,0.20002916,241.17851,4.5852776,1943.0,571.0,14581.0,8842.566
2009-09-27,0.97949445,0.16005833,241.2218,4.2005553,1817.0,4571.0,8554.0,8565.866
2009-09-28,0.9024,0.13416527,241.72633,3.7954166,0.0,603.0,10797.0,10257.6
2009-09-29,0.79610974,0.13880417,240.89735,3.393889,1031.0,603.0,7322.0,10150.634
2009-09-30,1.2333972,0.14764445,240.75642,5.235,970.0,8080.0,9246.0,11305.533
2009-10-01,0.893925,0.12876111,241.52953,3.7866666,950.0,602.0,9433.0,10469.2
2009-10-02,0.8004639,0.12719166,240.75888,3.386111,0.0,570.0,10142.0,8499.134
2009-10-03,1.1921805,0.17735833,240.63635,5.0504165,3644.0,920.0,14480.0,9568.333
2009-10-04,1.1257681,0.15639584,240.69887,4.815139,3189.0,3499.0,8980.0,11350.434
2009-10-05,0.88577914,0.11218055,241.22052,3.698611,984.0,542.0,7983.0,11749.7
2009-10-06,0.99197775,0.12449722,241.18005,4.1709723,1.0,543.0,8806.0,14457.467
2009-10-07,1.2651625,0.14404306,241.21196,5.339028,734.0,4334.0,9908.0,15387.9
2009-10-08,1.0952542,0.12959306,241.06978,4.583889,2091.0,619.0,11568.0,12008.1
2009-10-09,0.93879306,0.13084583,240.81015,3.9536111,0.0,559.0,10718.0,11254.033
2009-10-10,1.3977473,0.17751528,239.7614,5.9272223,4510.0,570.0,14811.0,13654.934
2009-10-11,1.3464833,0.18683195,240.6492,5.7451386,4111.0,6454.0,8648.0,13102.6
2009-10-12,0.9386139,0.10952361,240.22383,3.968611,997.0,515.0,9420.0,11594.733
2009-10-13,1.0063194,0.11485556,240.24728,4.249722,983.0,530.0,9530.0,13108.667
2009-10-14,1.18835,0.12159028,239.75946,5.0045834,2001.0,3131.0,10013.0,13375.4
2009-10-15,1.0347055,0.09696667,241.12213,4.3243055,1629.0,463.0,9641.0,13099.934
2009-10-16,1.053375,0.10096111,240.246,4.4151387,0.0,482.0,11136.0,13663.0
2009-10-17,1.9042222,0.18135555,238.89056,8.045555,5490.0,4364.0,18326.0,17521.334
2009-10-18,1.0806694,0.09905833,240.75084,4.5005555,712.0,499.0,11144.0,13581.066
2009-10-19,0.9507694,0.093304165,242.26024,3.9530556,1104.0,457.0,8227.0,13030.467
2009-10-20,1.1963944,0.105248615,242.52751,4.975,760.0,450.0,11005.0,16498.467
2009-10-21,1.3677125,0.13345139,242.307,5.713333,2031.0,5916.0,8569.0,16309.1
2009-10-22,0.9720208,0.10822917,242.41396,4.0423613,0.0,492.0,11074.0,11762.5
2009-10-23,1.2204514,0.1366,241.09628,5.144861,3180.0,495.0,11696.0,13919.833
2009-10-24,1.815561,0.1517111,239.89319,7.658472,6202.0,518.0,15941.0,20912.467
2009-10-25,1.6712055,0.1688764,239.92555,7.0702777,3010.0,6181.0,13691.0,17226.934
2009-10-26,0.7724611,0.111261114,241.53043,3.2391667,475.0,468.0,5788.0,11808.066
2009-10-27,0.775525,0.12069306,241.24277,3.27,579.0,449.0,8367.0,9217.6
2009-10-28,0.88104725,0.11456389,241.40816,3.6894445,1044.0,463.0,9318.0,10320.134
2009-10-29,1.376,0.17489028,240.34686,5.8533335,765.0,4125.0,5677.0,22457.0
2009-10-30,1.0370542,0.1170375,241.48033,4.352083,1779.0,2005.0,8828.0,12277.3
2009-10-31,1.3027375,0.11879028,240.51906,5.452639,1773.0,2514.0,14637.0,12341.7
2009-11-01,1.2799778,0.15409862,240.92416,5.3883333,1970.0,470.0,12215.0,16064.467
2009-11-02,1.0446014,0.1181125,241.2846,4.4006944,1881.0,471.0,7490.0,15228.434
2009-11-03,1.5740889,0.16789028,241.14194,6.6318054,2009.0,3951.0,9025.0,22793.133
2009-11-04,1.25125,0.11974166,242.07812,5.2308335,1075.0,4008.0,12246.0,12701.0
2009-11-05,1.0836569,0.11046111,241.66528,4.538611,1105.0,532.0,9868.0,14502.767
2009-11-06,0.9655903,0.117606945,242.56816,4.030972,0.0,442.0,11326.0,11406.167
2009-11-07,1.0813723,0.13727778,241.87859,4.5104165,2187.0,408.0,10014.0,13343.934
2009-11-08,1.7416681,0.15742223,243.2504,7.242778,4941.0,2075.0,14871.0,19913.033
2009-11-09,0.97756946,0.123584725,243.57524,4.099583,1126.0,430.0,7640.0,14265.667
2009-11-10,1.1154056,0.11618195,242.50098,4.6481943,1118.0,432.0,11788.0,13431.733
2009-11-11,1.417,0.15490833,242.37135,5.9747224,2338.0,5105.0,11214.0,15351.0
2009-11-12,1.016018,0.1063875,242.20668,4.253333,1486.0,429.0,9403.0,13066.434
2009-11-13,1.0645319,0.10898056,241.2357,4.456389,1856.0,407.0,9178.0,14107.767
2009-11-14,1.7780944,0.17072777,240.2224,7.453472,4169.0,2411.0,18868.0,17226.268
2009-11-15,1.3661861,0.14663056,240.32536,5.7784724,991.0,5278.0,9446.0,17073.467
2009-11-16,1.051714,0.1091625,241.88487,4.4031944,2021.0,545.0,9354.0,13321.134
2009-11-17,1.1863153,0.11640833,242.6606,4.913472,0.0,453.0,11616.0,16402.566
2009-11-18,1.8327597,0.14158334,241.29666,7.6858335,6012.0,7655.0,13787.0,16532.234
2009-11-19,1.0242,0.103509724,242.97507,4.251111,0.0,481.0,10936.0,13163.8
2009-11-20,1.3618166,0.10140695,241.58237,5.692222,843.0,407.0,12816.0,18617.6
2009-11-21,1.7339277,0.14673889,240.62086,7.2811112,5694.0,1997.0,12553.0,21370.266
2009-11-22,1.7020667,0.15460972,241.0777,7.1931944,6774.0,411.0,16097.0,17567.6
2009-11-23,1.0216125,0.1030125,242.74272,4.2366667,0.0,402.0,8230.0,15886.7
2009-11-24,1.4783722,0.10681944,241.97653,6.179861,2491.0,4579.0,9086.0,19324.934
2009-11-25,1.3750902,0.121858336,241.17879,5.770278,745.0,5083.0,10596.0,16578.166
2009-11-26,1.1108514,0.09829306,242.64346,4.61125,2262.0,407.0,10069.0,13922.434
2009-11-27,0.9583514,0.09239722,241.85883,3.961111,0.0,396.0,11599.0,11005.434
2009-11-28,1.2909375,0.1564014,241.59645,5.4061112,3199.0,386.0,14350.0,13047.5
2009-11-29,1.1465014,0.13267778,243.30872,4.7766666,1073.0,3061.0,7828.0,15554.033
2009-11-30,1.2119375,0.10651528,243.76431,5.0223613,1080.0,361.0,12039.0,15606.5
2009-12-01,1.2197069,0.09852361,242.63315,5.0783334,0.0,354.0,10821.0,18097.967
2009-12-02,1.6289362,0.11821528,241.66931,6.819722,1143.0,7052.0,12851.0,18048.467
2009-12-03,1.0275611,0.100848615,243.2841,4.2933335,1039.0,402.0,9906.0,13314.467
2009-12-04,1.1883986,0.1272375,243.3857,4.985139,1158.0,352.0,9134.0,17877.566
2009-12-05,1.6331681,0.19035555,241.29875,6.9225,3822.0,351.0,13324.0,21699.033
2009-12-06,1.6515889,0.20270278,241.26927,6.983333,2850.0,4175.0,12420.0,20193.133
2009-12-07,1.2101653,0.114644445,242.5436,5.0658336,1132.0,358.0,10291.0,17262.967
2009-12-08,1.3936695,0.12443889,243.73108,5.790278,1108.0,350.0,15376.0,16614.066
2009-12-09,1.2516361,0.13027361,242.40732,5.2498612,2054.0,3355.0,7971.0,16659.268
2009-12-10,1.4291959,0.15532222,241.77908,5.9715276,2823.0,351.0,15435.0,15691.7
2009-12-11,1.2392098,0.15251666,244.29112,5.130833,1546.0,385.0,11251.0,16559.033
2009-12-12,1.261375,0.17272916,244.93895,5.26125,1087.0,4120.0,8198.0,16868.0
2009-12-13,1.4852875,0.15429862,244.4976,6.164861,3984.0,417.0,13178.0,18067.9
2009-12-14,1.246432,0.105543055,246.14882,5.1222224,1090.0,2280.0,10742.0,15802.367
2009-12-15,1.3473028,0.11273889,246.04318,5.514583,1111.0,392.0,14084.0,16748.268
2009-12-16,0.9686625,0.10724305,247.21587,3.9933333,1143.0,2943.0,8104.0,11057.9
2009-12-17,1.1924875,0.103451386,246.89413,4.84125,0.0,308.0,14395.0,13916.7
2009-12-18,1.2116014,0.11140139,246.59485,4.9683332,1195.0,304.0,11466.0,16113.434
2009-12-19,1.5307875,0.09556111,245.93454,6.2429166,1165.0,2662.0,13681.0,19230.9
2009-12-20,0.7945597,0.08479167,247.43501,3.2444444,1237.0,313.0,7795.0,9724.434
2009-12-21,1.4131708,0.11940833,246.40921,5.778333,3293.0,282.0,11473.0,18868.1
2009-12-22,1.3111264,0.106501386,245.73843,5.3656945,0.0,285.0,15829.0,15353.033
2009-12-23,1.0105555,0.09403889,246.87897,4.121389,1143.0,284.0,11205.0,11621.333
2009-12-24,2.017982,0.14143056,245.83511,8.293612,5184.0,5575.0,15198.0,22474.566
2009-12-25,1.4775333,0.1336,243.5883,6.127639,3371.0,3895.0,14288.0,13906.8
2009-12-26,1.5164014,0.111725,242.46571,6.306389,1186.0,4294.0,16047.0,14866.634
2009-12-27,1.5246195,0.14386389,242.66605,6.3647223,4218.0,318.0,12450.0,19604.867
2009-12-28,1.4542347,0.12615833,243.77762,6.0333333,2175.0,2063.0,14934.0,15729.633
2009-12-29,1.4222,0.16809028,243.18301,5.9126387,1260.0,346.0,10205.0,22321.8
2009-12-30,1.7021598,0.18527362,241.05223,7.1684723,5284.0,4539.0,12484.0,18544.834
2009-12-31,1.5360361,0.12959167,240.95882,6.4016666,0.0,387.0,19409.0,17068.867
2010-01-01,0.850175,0.114816666,242.56572,3.5370834,2304.0,327.0,3558.0,14215.2
2010-01-02,0.9109764,0.13866389,244.67252,3.8197222,801.0,298.0,6442.0,14322.434
